lang1,lang2,estimate,statistic,p.value,parameter,conf.low,conf.high
ar,bg,0.5981560503918407,20.29076451555395,4.2278609850994644e-73,739,0.5498202905879037,0.6424991489412942
ar,zh,0.14134059186266254,3.881244720623545,1.1321221973816938e-4,739,0.07003113617139398,0.2112128625280091
ar,cs,0.5645009674846023,18.591113166901508,1.3874002821518921e-63,739,0.5133497155524325,0.6116554346194795
ar,da,0.5285314109019116,16.925030351070394,1.4896222229185524e-54,739,0.4745742388499664,0.578531344047486
ar,nl,0.4148040235459007,12.392712389630482,3.523479540821053e-32,739,0.3533376935664291,0.4727042582222601
ar,en,0.38930975955560443,11.48966793649007,3.1555037951395075e-28,739,0.3264404749448079,0.4487496176372148
ar,et,0.44475761151570636,13.147512602978798,1.895103934003188e-35,701,0.38342291894676295,0.5021864837624576
ar,fr,0.3496994691566433,10.147092034251338,9.725892853443385e-23,739,0.2848514377204896,0.411361203161039
ar,de,0.48116230914082037,14.920958919968337,3.3502785575402717e-44,739,0.4238274623161441,0.5346564397706334
ar,el,0.6118250579198791,21.026974071183993,2.688405680170324e-77,739,0.5646856240106938,0.6549854240360287
ar,he,0.6301280422715421,22.060454929982093,3.006603227070326e-83,739,0.584638518736835,0.6716678857070727
ar,hu,0.5429417607237501,17.57579296788912,4.852485343566301e-58,739,0.4900836113362703,0.5918215554733144
ar,id,0.5049960359860773,15.905164745171476,3.3090815554664914e-49,739,0.44931574939040425,0.5567681704222127
ar,it,0.42215661171263663,12.65951384598681,2.1991695499742262e-33,739,0.3611138229181372,0.47959695506877903
ar,ja,-0.14459837963721336,-3.9725927696368664,7.805606385878848e-5,739,-0.21438802553428363,-0.07333981320419185
ar,kk,0.6779855707609509,15.26736031596392,1.6769669001117324e-38,274,0.6086373466534303,0.7370541368967162
ar,km,0.6205032456196639,16.46489706970453,1.193635485843493e-47,433,0.5591008387475891,0.6751361636801116
ar,ko,0.6518307819863566,23.36571748699341,7.627133500790614e-91,739,0.6083691646229916,0.6913946528196299
ar,lv,0.6253083032669127,18.377319085845432,1.2481255699052139e-58,526,0.5704129779976415,0.6746420988381473
ar,mk,0.6022915400205794,16.76938180900024,2.7365183215353762e-50,494,0.5430443290877315,0.6555716496594312
ar,ms,0.5764060408581166,19.175284606957668,7.977509140986174e-67,739,0.5262296501980344,0.6225824308302504
ar,no,0.48023706287701934,14.8836552675133,5.146933538303643e-44,739,0.422839812217849,0.5337965633959765
ar,pl,0.5346146868797814,17.1971742914695,5.266479382269693e-56,739,0.4811173793406045,0.5841449977466096
ar,pt,0.47202314344909363,14.555286217498006,2.198597968960575e-42,739,0.41407787402324275,0.5261581089739931
ar,ro,0.5638050209259219,18.074084793202594,3.130084224995263e-60,701,0.5111714290076671,0.6122256368202764
ar,ru,0.45913310574231925,14.049736281390864,6.5063500429057865e-40,739,0.40034944907038966,0.5141535074067943
ar,sh,0.5589652318906437,18.325354546734523,4.023243564001407e-62,739,0.5073685181427238,0.6065683594422309
ar,sl,0.57125791444455,18.42762822285306,3.893208811491537e-62,701,0.5192471590051052,0.619052746293833
ar,es,0.5162102436840151,16.38478663033703,1.0575299798017051e-51,739,0.46133989952572585,0.5671468264887383
ar,sv,0.4972753049288637,15.581281399761115,1.529635455382134e-47,739,0.4410490999601338,0.5496132903413903
ar,th,0.587063600149838,19.713721807212682,7.693321787042429e-70,739,0.5377794806120967,0.6323491531369374
ar,tr,0.5878163685220547,19.752332454174738,4.6650518718629097e-70,739,0.5385959722371403,0.6330384557177657
ar,ur,0.5343226510900035,14.497581275038561,2.5934542433824742e-40,526,0.47044043570574184,0.5926335072972984
ar,vi,0.5009463799405106,15.73465655105777,2.5019280999035727e-48,739,0.44497856043508877,0.5530162706327064
ar,be,0.4839139299231597,11.506590238789636,6.453567137576754e-27,433,0.40847848135419085,0.5527838136089983
ar,sk,0.5746655389110523,18.094215024175124,8.610684140057275e-60,664,0.5214596654867232,0.623419977758513
ar,uk,0.583510952758302,19.532548137700292,8.013173428095584e-69,739,0.533927342264295,0.6290950608624325
ar,lt,0.648735377902022,20.758799994264628,2.3335931069030127e-72,593,0.5996227718480964,0.6929798329699207
bg,zh,0.14266032268523118,3.918234154473324,9.747459593293423e-5,739,0.07137129321568104,0.2124992997462385
bg,cs,0.5676611059260337,18.744467734320224,1.972064064704391e-64,739,0.5167663806111573,0.6145577027546529
bg,da,0.46486098118237346,14.27295180069615,5.348553119313619e-41,739,0.40644661823446077,0.5194905889814091
bg,nl,0.4330644327370479,13.060957778972867,3.1571956009582194e-35,739,0.372665642382301,0.48980946982649753
bg,en,0.3271872925297478,9.412509923207864,6.001650675627972e-20,739,0.26132296500333496,0.39001892576111524
bg,et,0.3979956029142732,11.486416201359008,4.219801780325907e-28,701,0.333876998688766,0.45844813221266983
bg,fr,0.40434607923818633,12.018254046739962,1.6208793904163435e-30,739,0.34229193932586977,0.4628882197018902
bg,de,0.43722773249982383,13.21602286877554,5.9972343785452384e-36,739,0.37707968512597767,0.49370328307220157
bg,el,0.4954115817285494,15.503843132933058,3.8031086288341344e-47,739,0.4390550248515715,0.5478850079199163
bg,he,0.6093524011044466,20.891642723569294,1.5989421838949053e-76,739,0.5619942897102996,0.6527284625687966
bg,hu,0.5333503904762708,17.140310269152486,1.060807708210769e-55,739,0.4797570177727418,0.5829786935984488
bg,id,0.3812497209262851,11.210834674406925,4.76873476101689e-27,739,0.31795802120016525,0.44115851964562414
bg,it,0.38187410969612173,11.23232670645364,3.874481195847738e-27,739,0.31861477143630473,0.44174688738530693
bg,ja,-0.035532037150302016,-0.9665329272230055,0.3340937708548978,739,-0.1072798475649968,0.03658393519006071
bg,kk,0.5927602676073679,12.182995630274167,1.415818464444759e-27,274,0.5104132644531554,0.6643348103866495
bg,km,0.5508484018413129,13.733932034734176,6.942051424458068e-36,433,0.48177993999818686,0.6131149040862753
bg,ko,0.530612278512582,17.017707539882103,4.784888222176195e-55,739,0.4768117385789684,0.5804521041004503
bg,lv,0.5034241028059151,13.362671883920422,2.8416824939150496e-35,526,0.4368589121933931,0.5645058254308863
bg,mk,0.5149111804009852,13.35031701154402,6.226071731876886e-35,494,0.447138294410973,0.5768056331705276
bg,ms,0.4556955705473023,13.916845691081496,2.849248671413153e-39,739,0.39669278285531717,0.5109484566294255
bg,no,0.41952147109511667,12.563549319434605,5.9904204536606615e-33,739,0.3583259102983702,0.4771274525156909
bg,pl,0.44475745972282704,13.499156156563236,2.8028797259458524e-37,739,0.38506985072528727,0.5007398713760314
bg,pt,0.35703438337318405,10.390655848966494,1.0678999978577689e-23,739,0.2925343956975595,0.4183003675679699
bg,ro,0.5290241687819914,16.505475365272435,5.985794374892577e-52,701,0.47360643729790125,0.5802694145197609
bg,ru,0.5126906434249922,16.233051836911887,6.56919028396963e-51,739,0.4575639257383421,0.5638912065802892
bg,sh,0.39508773770365957,11.69146180188351,4.297976328307527e-29,739,0.3325275065791771,0.454186154072899
bg,sl,0.42361061426524377,12.381471049121958,5.543060643161386e-32,701,0.36097315321445667,0.4824431893887115
bg,es,0.4078812069366145,12.144188129772965,4.510846274325444e-31,739,0.3460238480121329,0.46620796942378834
bg,sv,0.4816782634809402,14.94178909022651,2.635427372276886e-44,739,0.42437827475339374,0.5351358931419685
bg,th,0.49924417502131213,15.663399885626035,5.808466540092401e-48,739,0.44315627928108536,0.5514385919196616
bg,tr,0.45166316210877294,13.761958700474318,1.577085890242114e-38,739,0.39240570761474175,0.5071868055637669
bg,ur,0.47341236795228986,12.326364016792615,7.573117041579136e-31,526,0.40441787595848155,0.5370489444631338
bg,vi,0.45738715868673613,13.982141202861516,1.3804436817622435e-39,739,0.39849196992804065,0.5125258327392868
be,bg,0.5684815719982211,14.378744129208801,1.3344910785054543e-38,433,0.5012526336309554,0.6288885247325929
bg,sk,0.5908718490845238,18.87252716018097,6.28327137483129e-64,664,0.5390998746426511,0.638195450010104
bg,uk,0.602955852345101,20.546012774352658,1.4983681796202682e-74,739,0.5550366905125328,0.6468863246275367
bg,lt,0.5823939609165081,17.44630722413088,2.52774607817169e-55,593,0.5266686441062324,0.6331352597792814
cs,zh,0.24509046061424555,6.8722779721734515,1.3437477310951615e-11,739,0.17617800277649098,0.31161223460729637
da,zh,0.22531850806370188,6.286848563196572,5.537964575554532e-10,739,0.15582487893383865,0.2925926737237027
nl,zh,0.34155377965631417,9.879093975751733,1.0571194464314953e-21,739,0.27632898583590665,0.40364662251124134
en,zh,0.32541866881259734,9.355585726626716,9.724294359670468e-20,739,0.2594778081411919,0.3883393477949854
et,zh,-0.05203478240821847,-1.3795628827720636,0.16816117171289566,701,-0.12549637284975396,0.021994305546256244
fr,zh,0.3498277474526382,10.151333167556583,9.361956453649925e-23,739,0.28498573131473226,0.41148262173857014
de,zh,0.41155274235660205,12.275675298045318,1.1755376527354093e-31,739,0.3499018306897742,0.4696540781588887
el,zh,0.09322919850774837,2.5454806203939393,0.01111479424558891,739,0.021350205940125593,0.1641493539157269
he,zh,0.23245387994617828,6.497128258478762,1.504138970493411e-10,739,0.16316318723478146,0.29946266388629966
hu,zh,0.1506846338555846,4.143606815850155,3.814347396513635e-5,739,0.0795253451451086,0.22031596957761615
id,zh,0.3322022906531343,9.574526188774161,1.5012228527967682e-20,739,0.26655759457203,0.394779158898096
it,zh,0.3699822634072855,10.826030935727085,1.87366779054653e-25,739,0.30611701064144914,0.4305322249281323
ja,zh,0.7477999836632899,30.61887641555659,1.376377512509073e-133,739,0.7142457014370883,0.777924626451271
kk,zh,-0.04065423931915371,-0.6735042049729245,0.5011942820064548,274,-0.15796514576623363,0.07778828622078578
km,zh,-0.0636457104139739,-1.3270720057681038,0.18518420745654857,433,-0.15672814281458716,0.030557436696239396
ko,zh,0.190111286702049,5.2640942950116765,1.8484576493812637e-7,739,0.11972828738412852,0.2585929151953097
lv,zh,0.28128610577367025,6.722643385082628,4.657604976466902e-11,526,0.20077338344844264,0.3580243866238144
mk,zh,0.26539153817916217,6.118009116055698,1.929589525423685e-9,494,0.1815908248979304,0.34536548079119506
ms,zh,0.21164452756749794,5.886817968574971,5.9719032036249025e-9,739,0.14178340091354785,0.2794078263441214
no,zh,0.27572536922914204,7.7977393361635485,2.1462638303918558e-14,739,0.20783019169055653,0.3409764760397539
pl,zh,0.38092016101170895,11.199498162353484,5.320196189742177e-27,739,0.31761140500181156,0.4408479512980613
pt,zh,0.37869452620276645,11.123069000665614,1.1103444931299146e-26,739,0.31527102593139894,0.4387501975316932
ro,zh,0.14971197342307513,4.009017805538638,6.750829685786029e-5,701,0.07661567658045162,0.2212075841828427
ru,zh,0.404979875837396,12.040784484751784,1.2901765511104352e-30,739,0.3429608718617857,0.46348352303063334
sh,zh,0.02273370929641088,0.6181655192210396,0.53665669870719,739,-0.04936947544385301,0.09460116584139254
sl,zh,0.12490464409764214,3.333128452095908,9.038827434186595e-4,701,0.05143523948855688,0.19702934063323563
es,zh,0.42151500978072787,12.636112707672288,2.8091571552494718e-33,739,0.3604349236682991,0.4789957663471158
sv,zh,0.29718558237489234,8.46113389953472,1.4141502550258118e-16,739,0.23008803731578673,0.3614710058324424
th,zh,0.2086428644303044,5.79949927010355,9.857834573661835e-9,739,0.13870482445891655,0.27651011131765474
tr,zh,0.2215155527392903,6.1752134260753975,1.0899386731182518e-9,739,0.15191689527308297,0.28892832023806025
ur,zh,0.07299865682252117,1.6786802093106636,0.09380830775324363,526,-0.012410465759243117,0.157350321131109
vi,zh,0.31722791767668423,9.093378717302903,8.72196474441682e-19,739,0.25093889374815137,0.38055552557946315
be,zh,0.18514418855535775,3.9203789945379963,1.0274889288977065e-4,433,0.09273821978650322,0.27438812106724275
sk,zh,0.25053911720083183,6.6686274654899265,5.439109765641653e-11,664,0.1779542705656858,0.3204124206436276
uk,zh,0.3639467195108766,10.622202515511106,1.262304114191377e-24,739,0.29978235358018873,0.4248332149792176
lt,zh,0.2597812454975134,6.55099894988644,1.2411825847453563e-10,593,0.18322702234559646,0.33320376260749596
cs,da,0.6702160671873303,24.549122848860826,8.726393381445248e-98,739,0.6285333592265667,0.7080599823892451
cs,nl,0.6394453069501265,22.609532406289553,1.959665620928304e-86,739,0.5948168629195404,0.6801440619560719
cs,en,0.4017037650586828,11.924546366643035,4.174580871380492e-30,739,0.339503820161007,0.46040581581732143
cs,et,0.4966401359641098,15.149658300365639,4.6569914068414846e-45,701,0.4388104569321379,0.5503728224396355
cs,fr,0.6336709157648954,22.267322786727984,1.903407206111889e-84,739,0.5885071296238209,0.6748922187203061
cs,de,0.7106036041446664,27.45543788633701,6.104848268203129e-115,739,0.6730262966219244,0.7445218179481552
cs,el,0.6662214582255318,24.285400379439086,3.09917286622611e-96,739,0.62414747326584,0.7044426528111105
cs,he,0.6905787581346378,25.95629302841175,4.415414806374701e-106,739,0.6509318749621051,0.7264686602647703
cs,hu,0.7237791557221169,28.514072808456095,3.40057067777467e-121,739,0.6876002193286509,0.7563730813852656
cs,id,0.5661296272025498,18.669997181231107,5.089516066178328e-64,739,0.5151103804683708,0.6131513526732845
cs,it,0.6746706535063343,24.847786893040322,1.5241749972907736e-99,739,0.633427406190962,0.7120915048005206
cs,ja,-0.029870950160100464,-0.8123909891726059,0.416828931737829,739,-0.10167456030887236,0.04224227922872618
cs,kk,0.538849563303192,10.588231344084365,3.4653767110545515e-22,274,0.4493700193402049,0.617624503743028
cs,km,0.3308192468418177,7.294633209388522,1.4388387443216495e-12,433,0.24440072738222243,0.4120240568426504
cs,ko,0.48697693537518205,15.156888299240697,2.1882254363411906e-45,739,0.4300373822152203,0.540057720621349
cs,lv,0.6363953074604589,18.921736413278463,2.7193808347526274e-61,526,0.5827072740885154,0.684552651295494
cs,mk,0.538367591999861,14.199209834364153,1.2784746262786032e-38,494,0.4727312352982023,0.5980632229302962
cs,ms,0.5927938136605205,20.00962355252839,1.6514230311870154e-71,739,0.5439970949019256,0.6375944491863395
cs,no,0.6690237074834927,24.470003453579668,2.5477368169838034e-97,739,0.6272239287869753,0.7069804455482097
cs,pl,0.6766412959157736,24.981491360514084,2.4860112893893963e-100,739,0.6355935126491992,0.7138742030863414
cs,pt,0.648319239664131,23.148143204220062,1.4241618443452745e-89,739,0.604524226412558,0.688206821708726
cs,ro,0.7024090016112973,26.128063859287188,1.3284339823778982e-105,701,0.6628948029330363,0.7380211916370774
cs,ru,0.6704750222626663,24.566351400587052,6.910188356926878e-98,739,0.628817770800397,0.7082944113693851
cs,sh,0.6045732688099587,20.63280964157397,4.800222157691472e-75,739,0.5567953397678865,0.6483640413128703
cs,sl,0.5654246228495285,18.150353497898262,1.2179852920060384e-60,701,0.5129255906552932,0.6137098627266503
cs,es,0.6410534242525996,22.705976100602314,5.383962676547968e-87,739,0.5965750478462941,0.6816059108894555
cs,sv,0.6709641113744503,24.59893552901836,4.4442522615908055e-98,739,0.6293549700758682,0.7087371552277323
cs,th,0.4488590879659286,13.654878556728002,5.114223282925472e-38,739,0.3894260590398174,0.5045697642589382
cs,tr,0.7021485556493436,26.807273207301034,4.1390053085474264e-111,739,0.6636892279044433,0.7369053172542086
cs,ur,0.31536124799713766,7.621631330365406,1.1762329002489825e-13,526,0.2363907900002868,0.39019283930416576
cs,vi,0.6198558427768391,21.47338818665246,7.35643828497089e-80,739,0.5734335589878784,0.6623103574632393
be,cs,0.44712244893198794,10.40167559480303,9.071376343065582e-23,433,0.36859747265041903,0.5193116161663444
cs,sk,0.7266676667727057,27.25649411646221,2.309392880850643e-110,664,0.6887172533494959,0.7606470919122374
cs,uk,0.6292480198803505,22.009427005702346,5.934390714693552e-83,739,0.5836779063286232,0.6708667422455417
cs,lt,0.6520396041553662,20.942387274174223,2.550524624482625e-73,593,0.6032778196775599,0.6959446198599377
da,nl,0.6373210738669642,23.068533748206093,4.012300025592708e-90,778,0.5936839044761002,0.6772209260511715
da,en,0.38080079923555055,11.487008469818162,2.5432016787120756e-28,778,0.31913400571682055,0.43925655734787883
da,et,0.5016220595116496,15.352387038324283,4.5247920920088264e-46,701,0.4441521676104565,0.5549810667432592
da,fr,0.576272428597759,19.6679293011523,3.2349928864807244e-70,778,0.5274100688402822,0.6213352353335857
da,de,0.6777544178082033,25.71014192409614,5.353795125602281e-106,778,0.6379062752167313,0.7139830713585729
da,el,0.5738393588144902,19.04783770941355,4.0898891018599995e-66,739,0.523450844148707,0.6202281395396977
da,he,0.5869725658484531,19.709057813904167,8.172385390962518e-70,739,0.5376807463521729,0.632265789063708
da,hu,0.710141425701968,28.13361608331993,1.107367865866051e-120,778,0.6735188550591318,0.7432860810740479
da,id,0.5309182754619618,17.031371960445973,4.0462715795610325e-55,739,0.4771408274969657,0.5807345100530262
da,it,0.6080046138702737,21.36055588385605,5.052510198235618e-80,778,0.5617841778651167,0.6504411263690725
da,ja,-0.031323286477956985,-0.8741184343734995,0.38232349915684316,778,-0.10129821926423659,0.038960049234406414
da,kk,0.3358865166146934,5.902852344014794,1.0531732216124566e-8,274,0.22681225824978435,0.436639482091527
da,km,0.4893857882473239,11.677375605871568,1.4088079833735313e-27,433,0.4144345391428029,0.5577430961397473
da,ko,0.477412077862568,14.770157092167496,1.89390722483809e-43,739,0.4198251377523252,0.5311704818120765
da,lv,0.5753808636428046,16.13450781159745,7.176747977318695e-48,526,0.515351948815296,0.6297910155010045
da,mk,0.3740548809573073,8.964552859247203,6.429229327091218e-18,494,0.2957511358307055,0.4473654798347496
da,ms,0.5988466850742067,20.327279837376597,2.623741026175582e-73,739,0.5505706366391391,0.6431305906871683
da,no,0.797301241907893,36.84480462408047,9.267510101564334e-173,778,0.770211288531024,0.8215195397263942
da,pl,0.6949309066115196,26.95605416525841,1.530406519230655e-113,778,0.6567722491226711,0.7295397798416923
da,pt,0.6602398613297816,24.519968525110183,8.098794113733766e-99,778,0.6187181051987066,0.6980832569941365
da,ro,0.6884927507091168,25.13475762578229,6.908806969983663e-100,701,0.6475133398615124,0.7255017538360536
da,ru,0.6112769376448144,21.54381247778531,4.250384759260375e-81,778,0.5653380460572176,0.6534355464231801
da,sh,0.6741923549560307,24.815482858776818,2.3618623727114427e-99,739,0.6329017636331217,0.7116587497615968
da,sl,0.6759546894893181,24.28525049173444,5.2422319599953716e-95,701,0.633683708018464,0.7142011587611783
da,es,0.6487298074500564,23.777065676230762,2.339379451442041e-94,778,0.6061351194881766,0.6876140024371717
da,sv,0.7052508076696578,27.746802754352874,2.4553394895047672e-118,778,0.6681302371694232,0.7388693019011735
da,th,0.4457809250382636,13.537913050174598,1.8373442610060984e-37,739,0.3861565915627082,0.5016957367691299
da,tr,0.6573576203104148,23.713478646564248,7.03035628284128e-93,739,0.6144248719513595,0.6964088815757524
da,ur,0.29733295685457933,7.142255861822733,3.073025257534607e-12,526,0.21752005071260522,0.3731960573802047
da,vi,0.6398520768774771,22.633879983977344,1.4144090607766055e-86,739,0.5952615518017244,0.6805138641882673
be,da,0.43645249700885513,10.094156446725293,1.1732308665001554e-21,433,0.35708534190649427,0.509562684713488
da,sk,0.5027932011072246,14.988400734225088,5.864643468591863e-44,664,0.44377249711572964,0.5574708315634698
da,uk,0.5913769394374974,19.936028147945343,4.3000217460150165e-71,739,0.5424592052743472,0.6362978639384259
da,lt,0.5599792041144263,16.458992225615297,2.0654068714284334e-50,593,0.5022037927557992,0.6127775511234902
en,nl,0.5388271140012894,17.84072266666008,6.072387268197551e-60,778,0.48705189388262665,0.5868283488126328
et,nl,0.47609813863110684,14.334181707447426,4.689649896514953e-41,701,0.416828033778499,0.5313369767402889
fr,nl,0.7280040623866894,29.618974159359432,1.1050356931381731e-129,778,0.6932335299147272,0.7593935411675615
de,nl,0.7470218979196633,31.342417537319864,4.323693811382684e-140,778,0.7142805250825686,0.7765005050148677
el,nl,0.5779169013352858,19.2507019384015,3.027449093001516e-67,739,0.5278658773070907,0.6239678781678429
he,nl,0.5269673515667177,16.85564959869507,3.479657920816927e-54,739,0.47289290776462295,0.577087262508914
hu,nl,0.6826346963720187,26.055746146464706,4.346688626044472e-108,778,0.6432617198867422,0.7184067697968287
id,nl,0.6485350443963198,23.16144026209002,1.1910284342338207e-89,739,0.6047604614277718,0.6884027769287442
it,nl,0.7554164101607329,32.15677440964879,5.493027913454629e-145,778,0.7235895906375563,0.7840377558761437
ja,nl,0.09708314951307803,2.720758559763806,0.006658692915321627,778,0.027069962088068947,0.1661485150911299
kk,nl,0.29368492656522704,5.085614561965478,6.804007979541117e-7,274,0.18192402430609267,0.3979549297475739
km,nl,0.2606786123611486,5.6186311315422754,3.450131176936574e-8,433,0.17084558865539218,0.3462135293214204
ko,nl,0.46635593046952567,14.331583534859654,2.7645623755835613e-41,739,0.408038808084636,0.5208828417837899
lv,nl,0.5245946429296778,14.132125746021932,1.1395464277763658e-38,526,0.45984773262861867,0.5837931830142691
mk,nl,0.3830349682578707,9.216266889215381,8.847350440830162e-19,494,0.3052866295684192,0.4557104376595615
ms,nl,0.5379305002067711,17.347080027420898,8.275224287647867e-57,739,0.48468636278643407,0.5872028398143118
nl,no,0.6587011886923878,24.418938431810588,3.282004612888012e-98,778,0.6170347677290664,0.6966846555268003
nl,pl,0.6991797691590754,27.277556722436923,1.7205966433800492e-115,778,0.6614464123502228,0.7333824484600309
nl,pt,0.7109966076780315,28.202089247034102,4.256600225233885e-121,778,0.6744615181756435,0.7440581100602477
nl,ro,0.6101409250525929,20.38935074599298,6.47715144207344e-73,701,0.5615307916250586,0.654554165548967
nl,ru,0.6524790532518419,24.01584641474561,8.659439138573712e-96,778,0.6102315183163209,0.6910259982956067
nl,sh,0.5039260959580094,15.859979798170283,5.662091151311729e-49,739,0.4481695865032411,0.5557771044161648
nl,sl,0.46387359339192286,13.863512289613608,8.461716891141921e-39,701,0.4037791125711563,0.5199822055452463
es,nl,0.7161427399455024,28.619542374019534,1.253031003675498e-123,778,0.6801365920695024,0.7487019984706595
nl,sv,0.7026189059160346,27.541920908400467,4.291463011609227e-117,778,0.6652319459771284,0.7364912018883232
nl,th,0.4455981982065881,13.53098864623397,1.9814476013424025e-37,739,0.38596255554607256,0.5015250890638496
nl,tr,0.6047609659836709,20.642908170773204,4.204444255372262e-75,739,0.556999454398388,0.6485355053092439
nl,ur,0.2010143486705978,4.70626462439515,3.2301533512333977e-6,526,0.11770145581741029,0.2815173211717762
nl,vi,0.6672798772234947,24.354906092779657,1.2100272456655538e-96,739,0.6253093075870646,0.7054013005553471
be,nl,0.36174644993313704,8.074273952713158,6.7845278783815195e-15,433,0.27715253343223273,0.44077530928560155
nl,sk,0.5334181595479344,16.2501591726084,3.057456155246617e-50,664,0.47676705407085107,0.5856565345122028
nl,uk,0.5640413666938819,18.568910224432667,1.839363560460753e-63,739,0.5128529413522115,0.6112332319451712
lt,nl,0.5633529768831066,16.604055101803834,3.97650103599771e-51,593,0.5058802337278684,0.6158461924373562
en,et,0.25454494439222536,6.9689867728235875,7.375743694660604e-12,701,0.18406498953375267,0.3224207411898408
en,fr,0.5668355346642581,19.19149244557226,1.673942669268106e-67,778,0.5172182554909822,0.6126553220410635
de,en,0.5297796646594086,17.422879676811267,1.1931165885410473e-57,778,0.47733370028529265,0.5784646403840834
el,en,0.3151879732550126,9.028430369534444,1.4906236121678791e-18,739,0.24881384105907017,0.3786155319591374
en,he,0.4338714900878178,13.090936148714912,2.2921875759675487e-35,739,0.3735210928551372,0.4905644640354743
en,hu,0.36318189569269904,10.87249919187201,9.908759159611248e-26,778,0.3006491323065926,0.4226054411951545
en,id,0.5819647654472252,19.45423077279848,2.20201068523973e-68,739,0.5322514527600168,0.6276783118878904
en,it,0.5154295576424591,16.776941170272014,3.757211724034751e-54,778,0.4619459968210837,0.5651779834971067
en,ja,0.16052445549687389,4.536279768347297,6.629126795420525e-6,778,0.09135622840953576,0.22815121610707736
en,kk,0.26441654887097105,4.538400864533259,8.49246151032048e-6,274,0.15106352586017868,0.37090620761991067
en,km,0.2606180776940948,5.61723128446289,3.476273094074165e-8,433,0.17078253663477477,0.3461563658235393
en,ko,0.4050267656252031,12.042452164473655,1.2685537938040326e-30,739,0.34301036358929216,0.4635275628963125
en,lv,0.2066377458000662,4.843711937475974,1.6786617221145938e-6,526,0.12348328218138861,0.2869105335970043
en,mk,0.28922694272265964,6.715402629103086,5.16898918161459e-11,494,0.2064400858148498,0.3679022255474945
en,ms,0.5461782510226812,17.724916133845774,7.573495363189575e-59,739,0.49357154493597166,0.5948028183217946
en,no,0.43012818266010944,13.289591302485023,1.8133350159468273e-36,778,0.3711366104873913,0.48566178225310014
en,pl,0.47869453604777223,15.207677577052232,6.397624510892234e-46,778,0.42270098969673636,0.5310472953945562
en,pt,0.4604591855572914,14.468518889756796,3.427002183447372e-42,778,0.40329736190138904,0.5140414113908351
en,ro,0.3720421042586186,10.612119183666127,1.6846378210176886e-24,701,0.30653043449029443,0.43404576942382694
en,ru,0.5264925127018247,17.27313762724332,7.81363945068854e-57,778,0.47380602565204666,0.5754233703020593
en,sh,0.20669387179152546,5.742894809833541,1.3595293698319506e-8,739,0.13670661518180097,0.27462795160639586
en,sl,0.22306956556895344,6.058745129416722,2.23854932566138e-9,701,0.15162614137274857,0.2921943510583329
en,es,0.5466808868836056,18.210476684372143,5.436603444256487e-62,778,0.4954983244255075,0.5940802948318336
en,sv,0.4650969702055197,14.654216208717925,4.053109863183747e-43,778,0.4082274043046743,0.5183705044933702
en,th,0.43687284095531,13.202764028529815,6.9156451974122e-36,739,0.3767033129757969,0.4933714515921203
en,tr,0.38451920978086435,11.323573830321338,1.5994553501378384e-27,739,0.32139763830191787,0.44423882035886175
en,ur,0.2817686939931863,6.73517082844849,4.302716000668979e-11,526,0.20127633236229828,0.3584812466850798
en,vi,0.4952433795588598,15.496868283119237,4.127789344993125e-47,739,0.43887508565284683,0.54772900732377
be,en,0.30687867825218695,6.7094728135323365,6.130488167285018e-11,433,0.21918241796552937,0.3896562862148707
en,sk,0.3508545852942241,9.654635871431637,1.001464161460422e-20,664,0.28241024604591847,0.41574487245404296
en,uk,0.4377250795992229,13.234616732469592,4.910280126899766e-36,739,0.377607168701485,0.4941682859902526
en,lt,0.3047780918610881,7.7925758771511,2.9553538319487447e-14,593,0.2300332397372568,0.3759482971465572
et,fr,0.4498034473646978,13.33424075134219,2.5933548218419834e-36,701,0.3887903372111809,0.5068885548916834
de,et,0.5348589405514513,16.759910522932238,2.8483036544110644e-53,701,0.4798942273051632,0.5856413695523056
el,et,0.40816911784666104,11.83785271811817,1.329929212724028e-29,701,0.34462610894926443,0.4679888126985346
et,he,0.4102544361217425,11.910533532847381,6.450717391642464e-30,701,0.3468314697089419,0.469942695097832
et,hu,0.5338188525666819,16.714312874251892,4.923028561052272e-53,701,0.47877297200628344,0.5846841084282604
et,id,0.3777656883067922,10.802315513830287,2.883335714251644e-25,701,0.3125519537918934,0.4394351093397706
et,it,0.4337628258478971,12.745987599095754,1.2890759199887968e-33,701,0.3717417428782709,0.49192898030360804
et,ja,-0.24485749903025059,-6.6864891064450225,4.670699066935314e-11,701,-0.31313242925612994,-0.1740646272425962
et,kk,0.30540847717728214,5.309069557061433,2.279504676033735e-7,274,0.19434736959124968,0.408738777138447
et,km,0.37362374870049714,8.096058154298014,6.756255322381529e-15,404,0.28672609126058624,0.45442351628303834
et,ko,0.40495365821146423,11.726217385141316,4.017991000274867e-29,701,0.34122692366359286,0.464974874238267
et,lv,0.41317320347061726,10.405725235087097,3.472982161364199e-23,526,0.33982244581079596,0.48152787821277726
et,mk,0.2669764022952876,6.15733963722498,1.5332056559407683e-9,494,0.18323978760608822,0.3468668626008571
et,ms,0.38916644194831856,11.185510421548013,7.704499827632068e-27,701,0.32456179954923986,0.4501568722766106
et,no,0.46857596781291705,14.043333714524776,1.175732837259111e-39,701,0.40879570474293525,0.5243523550422169
et,pl,0.39749820493692833,11.46936512950894,4.9816713448699415e-28,701,0.33335188625400275,0.45798131688268123
et,pt,0.38478814457432076,11.037651444385657,3.1494525863802457e-26,701,0.3199471238755687,0.44604141060055685
et,ro,0.518025845058324,15.605727149313983,5.286267448987259e-47,664,0.46016378578124967,0.5715059798745614
et,ru,0.4130986104460604,12.01002577811448,2.3847970464517125e-30,701,0.34984050143287526,0.47260666089144754
et,sh,0.5534943253755792,17.59559084806225,1.1293342196010585e-57,701,0.5000143725213263,0.6027687630316279
et,sl,0.5284985701601506,16.041827090499435,3.454100442439851e-49,664,0.47145602891996197,0.5811372876818875
es,et,0.4235575218757244,12.379579957202958,5.651280449606575e-32,701,0.36091688126222904,0.48239354583985095
et,sv,0.48622837955879045,14.732331481532164,5.382972149822687e-43,701,0.42765996019944935,0.5407314388079152
et,th,0.3721611925034479,10.616062071854191,1.6244694109833194e-24,701,0.3066556683596487,0.43415794841535665
et,tr,0.521352591002986,16.175873792400644,3.000782994057031e-50,701,0.465347817286789,0.5731995575854207
et,ur,0.3023128303257639,7.049073288141313,6.095056250558802e-12,494,0.22012815144470982,0.38023595756797046
et,vi,0.40907437417345266,11.869376700463429,9.720642579817661e-30,701,0.34558339070578054,0.4688370833122129
be,et,0.2502357368369558,5.378175354734341,1.2336959223708005e-7,433,0.15997931635843754,0.33634281156763585
et,sk,0.4892349077460958,14.057401565823524,3.184289643195785e-39,628,0.4274566646233082,0.54646511492194
et,uk,0.32263812010719256,9.024928995753642,1.7092410564749826e-18,701,0.25477182767963996,0.38734165417049354
et,lt,0.4391256945384853,11.902386817818138,1.9255016149156767e-29,593,0.3718714124843594,0.5017940921743422
de,fr,0.7410215202755656,30.781282515086424,1.0432886727488728e-136,778,0.7076335197163308,0.7711077208687874
el,fr,0.44305828554754517,13.434956721538647,5.632941949196201e-37,739,0.38326599092757546,0.4991526261562168
fr,he,0.558611564661318,18.308498103638765,4.978188726532963e-62,739,0.5069865601172905,0.6062432237176908
fr,hu,0.6183733755912806,21.947339691427533,1.7915557070230645e-83,778,0.573050912014798,0.6599247859187212
fr,id,0.6348000772185511,22.33374364385507,7.838682517522062e-85,739,0.5897405427311332,0.6759195263641156
fr,it,0.7203101059641057,28.964600912408454,1.0152283187847018e-125,778,0.6847354625301476,0.752460304349384
fr,ja,0.11429497950786806,3.209019177433673,0.001386487837356428,778,0.04445397496099725,0.18302420170270528
fr,kk,0.27679721739081686,4.768107006215811,3.0240783077989564e-6,274,0.164090761054511,0.382370042757073
fr,km,0.07116869211542977,1.4846892867838786,0.13835375522071358,433,-0.023005536627029092,0.16409100156783282
fr,ko,0.30641026347310213,8.750530978711355,1.4273231637600627e-17,739,0.23967720245438157,0.3702615387760057
fr,lv,0.4132809547746469,10.408997831031375,3.37540441428761e-23,526,0.3399373747363772,0.48162768235911735
fr,mk,0.39271095473229256,9.490919094179008,9.737505448871383e-20,494,0.31557854360798043,0.46468780056122994
fr,ms,0.5292300120995234,16.956097036697166,1.0183029312747591e-54,739,0.4753253477628207,0.5791762548278471
fr,no,0.613981313230895,21.69659270620071,5.375234783640325e-82,778,0.5682763886399163,0.6559092562073363
fr,pl,0.6385910135753785,23.146100970291467,1.3833265767624544e-90,778,0.5950688531353241,0.6783785980187877
fr,pt,0.6191307191654054,21.990911057270132,9.911607792560513e-84,778,0.573874516228821,0.6606169623640781
fr,ro,0.5991652019967207,19.814185183229718,1.009891390870166e-69,701,0.5495693840527273,0.6445527853060484
fr,ru,0.654795837767098,24.1649269689155,1.1031093803870027e-96,778,0.612763950124231,0.6931335264370366
fr,sh,0.4582723574265192,14.016386378623984,9.432502302937551e-40,739,0.3994336552902086,0.5133511166598879
fr,sl,0.49678987782603967,15.15572248759077,4.344254348761356e-45,701,0.43897095337272235,0.5505113803484412
es,fr,0.7076720987776716,27.937304154802586,1.7171316783803248e-119,778,0.6707975958995895,0.7410563617160458
fr,sv,0.6363810104788558,23.01131921601371,8.79696866839009e-90,778,0.5926588730542032,0.6763638407591289
fr,th,0.3870836475165076,11.412350828129828,6.730977113988577e-28,739,0.324096682949575,0.44665387993251576
fr,tr,0.5222968489775411,16.649871947253402,4.27006317075362e-53,739,0.4678745576784711,0.5727731644906613
fr,ur,0.1312304293179496,3.0359847223070813,0.002516293637794742,526,0.04641841232527097,0.2141640091581757
fr,vi,0.6268718609918503,21.872343616970095,3.681163519833e-82,739,0.5810847824250056,0.6687030799010458
be,fr,0.30358454706749716,6.6300958700020125,1.0011012884349895e-10,433,0.21572162075232457,0.3865709038949244
fr,sk,0.6057078935800241,19.615751928982412,6.312576848736984e-68,664,0.5552885013634783,0.6516911397362686
fr,uk,0.5415359550281953,17.511366824013475,1.0804905781253251e-57,739,0.48856911554076493,0.590526193959635
fr,lt,0.49230311911555064,13.77301952207283,1.2052901663194277e-37,593,0.4288948698590204,0.5508840794782245
de,el,0.5354177731989028,17.233378448937167,3.3703456995462836e-56,739,0.4819816204747278,0.5848857327649332
de,he,0.60765475373405,20.799290801287075,5.3892213304225606e-76,739,0.5601470857397597,0.6511784588478605
de,hu,0.6784037112511164,25.75575491786955,2.8370934494865667e-106,778,0.6386185646193867,0.7145717862556188
de,id,0.6426498971868304,22.8022236213948,1.4816620760785247e-87,739,0.5983209241715658,0.6830568544458849
de,it,0.7524147955857138,31.86150791777377,3.2590405817987467e-143,778,0.7202596300671049,0.781343640202271
de,ja,0.14028806245248374,3.9520892905542873,8.452102778153965e-5,778,0.07078750082081271,0.20843310462459053
de,kk,0.23046314445803381,3.9203762303109397,1.1177412481004346e-4,274,0.11553785626992637,0.33929974076196867
de,km,0.22252430725878786,4.749514790440751,2.777164593163782e-6,433,0.1312500018177091,0.31005763510520573
de,ko,0.48778448574725203,15.189861896235906,1.4917918633934097e-45,739,0.4309002583146828,0.5408075188799466
de,lv,0.5487965507017822,15.056389919231133,7.385934699140066e-43,526,0.48623502647061306,0.6057607102842235
de,mk,0.4241214291605028,10.409136910794803,4.480361191111463e-23,494,0.3491140056690504,0.49372875666236643
de,ms,0.5693247466309733,18.825690314810338,7.001321688227155e-65,739,0.5185657202219791,0.6160850788841212
de,no,0.6744492174455204,25.479663688886266,1.3230874986594336e-104,778,0.63428145318125,0.7109854491776579
de,pl,0.7410615744170157,30.784972957113773,9.91144638039782e-137,778,0.7076778706890553,0.7711437334764659
de,pt,0.7402502971190095,30.710366604251114,2.794794611648872e-136,778,0.7067796144462736,0.7704142779552317
de,ro,0.6416775361391495,22.151079670600538,7.98314578590443e-83,701,0.5960129977018777,0.6832049474009007
de,ru,0.678170798894097,25.739379947853227,3.563570446561428e-106,778,0.6383630467222529,0.7143606103226732
de,sh,0.5194402516547869,16.525032037215293,1.9414437948299967e-52,739,0.46480693666690176,0.570133174345814
de,sl,0.5394891646768071,16.964204169412426,2.4351799276239082e-54,701,0.4848879688542034,0.5899011499587437
de,es,0.7558402156153798,32.19884041954694,3.071590811457041e-145,778,0.7240598754718359,0.7844180579349068
de,sv,0.6642854593223365,24.788232402339336,1.9645563541916513e-100,778,0.6231458870920432,0.701759191660306
de,th,0.4644660683001905,14.257489415305619,6.36373348281208e-41,739,0.40602607705498456,0.519122756449357
de,tr,0.6079911276746138,20.817553459462573,4.2385925126952936e-76,739,0.560513055481838,0.6514856073413611
de,ur,0.1395937993523833,3.233197209049419,0.0013009156243910126,526,0.0549161324749432,0.22227788773476564
de,vi,0.6008447208084963,20.43331951143307,6.555919089977705e-74,739,0.5527418592960939,0.6449570396453527
be,de,0.3298135985074842,7.269747313253383,1.6959003331683965e-12,433,0.24333904885858829,0.411086440639982
de,sk,0.6390235215682187,21.407642270964317,1.0221480187294213e-77,664,0.5917812416581766,0.6818911536841216
de,uk,0.5931541491584795,20.028385720789007,1.2936945787362774e-71,739,0.5443882589957726,0.6379241526502527
de,lt,0.5160941444681294,14.672791776831433,8.26842033763314e-42,593,0.45457123543903327,0.5727159647267923
el,he,0.6263732612677455,21.843706977553225,5.38803251858132e-82,739,0.5805407739730728,0.6682489793044296
el,hu,0.6767545172712215,24.98920315713239,2.239078053449066e-100,739,0.6357179838380353,0.7139766116360484
el,id,0.46484919715833833,14.272490252834743,5.376379326079964e-41,739,0.4064340691152172,0.5194796133159851
el,it,0.583668595130798,19.540551068775482,7.226236045051211e-69,739,0.5340982303825451,0.629239489268192
el,ja,-0.2053107095663755,-5.702767097817725,1.7046808245893213e-8,739,-0.27329190352116794,-0.1352888702991353
el,kk,0.5776163745151992,11.712794893295948,5.834483292818413e-26,274,0.4931815596081694,0.6512697829859279
el,km,0.43329500592842285,10.004175870387256,2.459790529091913e-21,433,0.3536832472194664,0.5066741415869318
el,ko,0.5330650057023089,17.12749682083145,1.2419546227256983e-55,739,0.47944998421884577,0.5827153999430377
el,lv,0.5887276730931665,16.703898717337168,1.4516193845184457e-50,526,0.5300227146871,0.6418164281621608
el,mk,0.6602477606782879,19.53902082938512,2.0598054437156845e-63,494,0.6075195222650281,0.7071825186331376
el,ms,0.5153080604922781,16.345785275909517,1.6924068512650353e-51,739,0.46037181031787283,0.5663124613717768
el,no,0.5173850666950187,16.435685709978923,5.720679989065042e-52,739,0.4626007412354521,0.568233180105235
el,pl,0.5441644420733943,17.631997082500693,2.4113163958966858e-58,739,0.49140108402975935,0.5929479741846984
el,pt,0.5836758900691023,19.54092148741693,7.191742724866527e-69,739,0.5341061383689478,0.6292461726508496
el,ro,0.6624323146379739,23.412516687033946,5.226896461252714e-90,701,0.6187985890749368,0.7019910092187805
el,ru,0.4678226824241246,14.389261877518573,1.4422501764655608e-41,739,0.40960131131774913,0.5222485524067018
el,sh,0.5960982062016793,20.182378116141646,1.739896195806057e-72,739,0.5475849903144979,0.6406173214088889
el,sl,0.5366774397838985,16.839890641643596,1.089153176573049e-53,701,0.48185507171292036,0.5873147132786763
el,es,0.5256759669746728,16.798543328759738,6.98736638356523e-54,739,0.4715049930552734,0.5758947027790817
el,sv,0.5298904349463895,16.985509979675566,7.101513074131995e-55,739,0.47603548105219695,0.5797858639424869
el,th,0.49783646001061993,15.60465356641625,1.1614788786754593e-47,739,0.44164961192119756,0.5501335773395128
el,tr,0.6628635740918414,24.06662684142334,5.970647177798874e-95,739,0.6204627303322717,0.7014003743875217
el,ur,0.42160187250775727,10.663332970673338,3.621532844024623e-24,526,0.3488191940802865,0.4893295430879756
el,vi,0.5672376817901916,18.72384946549605,2.5643613839246427e-64,739,0.5163084906252031,0.6141689040715747
be,el,0.4637814784396161,10.89302046592896,1.385707139415656e-24,433,0.38661968786975265,0.534495177519063
el,sk,0.5362185318339837,16.36977324057764,7.554249954638215e-51,664,0.47979209129533024,0.588227570550371
el,uk,0.49830577894419037,15.624220754123126,9.222174232090544e-48,739,0.4421518854240101,0.5505686853025781
el,lt,0.678895351993037,22.516198702268568,1.326774310779122e-81,593,0.6330611135743529,0.7199861132018488
he,hu,0.621286430065652,21.554044734630022,2.5251884818219173e-80,739,0.5749930095468726,0.6636143547681222
he,id,0.5436966398863731,17.61047440013159,3.152117446671566e-58,739,0.49089698581878033,0.5925170249700237
he,it,0.5388901872064517,17.39067733362011,4.824832071013244e-57,739,0.4857196550631175,0.5880876005366636
he,ja,-0.008686033432152069,-0.23613485670997444,0.813393456735395,739,-0.08065792511978759,0.0633759642064644
he,kk,0.5388825239786357,10.589144047139795,3.4414868761989886e-22,274,0.44940708726264483,0.6176532329405071
he,km,0.4225889189961332,9.702413628014199,2.859380254772152e-20,433,0.3421634423530889,0.49686769650688084
he,ko,0.5749847953383574,19.104609429469647,1.9756201965545898e-66,739,0.5246908131052521,0.6212788954365178
he,lv,0.5397859359832373,14.70633042175337,2.9346952314508706e-41,526,0.47639742033699223,0.5975921132519579
he,mk,0.5732562663655454,15.549949173169455,1.1362998877558175e-44,494,0.5110036863647621,0.6295267900700948
he,ms,0.5878095689095995,19.751983341289957,4.686207046015591e-70,739,0.538588596610993,0.6330322297005745
he,no,0.5402585701470708,17.453006321046587,2.2289344838233678e-57,739,0.4871932461428637,0.5893489452064238
he,pl,0.5849210453556019,19.604252765673852,3.1722905088858523e-69,739,0.5354560604575515,0.6303868442478756
he,pt,0.556943481694399,18.22918933399244,1.3546648528512706e-61,739,0.5051853159753825,0.6047094958340413
he,ro,0.6189968932302967,20.86700941906488,1.3881051265286304e-75,701,0.5711969098044695,0.6626126509760305
he,ru,0.6134606103701403,21.1170301322565,8.19460646965564e-78,739,0.5664663729644273,0.6564778805849202
he,sh,0.5260183499299989,16.813668151546146,5.809861500961103e-54,739,0.4718729427616789,0.5762109052615797
he,sl,0.5204361253386048,16.136863438892064,4.758199667279392e-50,701,0.4643618737062465,0.572354458515202
es,he,0.5971172204755801,20.23597186006974,8.646416017707009e-73,739,0.5486917917013779,0.6415492416599327
he,sv,0.5304121826880592,17.008777186942652,5.338846778416887e-55,739,0.4765965507381064,0.5802674282859326
he,th,0.5539283787863972,18.086645992605252,8.155577161741152e-61,739,0.5019306646075078,0.6019363440071536
he,tr,0.6170890033412842,21.31837734427501,5.728112631179655e-79,739,0.5704184446471791,0.6597876204750555
he,ur,0.3641060667498742,8.966116474708825,5.370564817322212e-18,526,0.28771345915580027,0.43589470783362366
he,vi,0.5823989160682551,19.476188993223143,1.658772813763753e-68,739,0.5327219828431765,0.6280761483740819
be,he,0.44496621371718686,10.339092669170107,1.5328824839189883e-22,433,0.3662691023624544,0.5173430188723512
he,sk,0.6354785957355329,21.208063603671782,1.284626138179127e-76,664,0.5878890296296263,0.6786846757375781
he,uk,0.605367687396353,20.675588276631576,2.7378513966001177e-75,739,0.557659283863015,0.6490897234282564
he,lt,0.5590017231844909,16.417187167596754,3.3172574840822884e-50,593,0.5011390100460247,0.6118881781390632
hu,id,0.6003090425437736,20.404831526504456,9.517551320188275e-74,739,0.5521596851142574,0.6444674136511487
hu,it,0.7130741645880898,28.369494027772514,4.111151597654808e-122,778,0.6767520958045974,0.7459332895384512
hu,ja,-0.11376923202693497,-3.194063934290367,0.001459365075039648,778,-0.18250932096833827,-0.0439223410441124
hu,kk,0.38381315047663156,6.880186214392627,4.055881184412436e-11,274,0.2783582270953381,0.480124724604369
hu,km,0.407721704511928,9.291513602859048,7.48063448565798e-19,433,0.32620623980386476,0.48321825287162523
hu,ko,0.4882668533275259,15.209582148137535,1.1860726887829874e-45,739,0.4314157227963125,0.5412553496589276
hu,lv,0.5544137804921625,15.278393603599811,7.025041211878451e-44,526,0.4923758390602083,0.6108469558707142
hu,mk,0.4735004150335409,11.948398279170542,4.409471855037993e-29,494,0.4022248964988558,0.5390709889302452
hu,ms,0.5810109974502545,19.40607987705687,4.096903056093156e-68,739,0.5312178720307144,0.6268042370936521
hu,no,0.6741477893324004,25.45878541283976,1.768955280394287e-104,778,0.6339509640191934,0.7107120055359938
hu,pl,0.6926018005259454,26.782144924130705,1.7332256803635281e-112,778,0.6542112488517408,0.7274324101922238
hu,pt,0.6522173909586149,23.99908302185438,1.0916012791071948e-95,778,0.6099455546384984,0.6907879286400429
hu,ro,0.7625598306816727,31.209290987649148,1.0031810300425409e-134,701,0.7297646651499842,0.7918539623244987
hu,ru,0.665350297096142,24.859485283353123,7.310091131966222e-101,778,0.6243117576773516,0.7027263991146687
hu,sh,0.6502905436693838,23.26996683381246,2.767034693390244e-90,739,0.6066824404602318,0.6899965908716373
hu,sl,0.6572742706360283,23.090593312992574,3.605169238670828e-88,701,0.613128976529334,0.6973273718827392
es,hu,0.6691969732331982,25.11916709613546,1.9863256387846222e-102,778,0.6285249337269826,0.7062192397397239
hu,sv,0.6542962532207407,24.132679519720433,1.722874216702672e-96,778,0.6122177910207934,0.6926791207416959
hu,th,0.5181297986995931,16.468016810435795,3.870357350904393e-52,739,0.46340011613135007,0.5689217386982222
hu,tr,0.7227031574171952,28.425262513455348,1.1373322405128134e-120,739,0.6864089271186399,0.7554060344601323
hu,ur,0.27880691041774713,6.658373303617169,6.981355547709285e-11,526,0.1981902582409637,0.35567678487422993
hu,vi,0.6916580901688099,26.0340123359944,1.5345285343547722e-106,739,0.6521210462341839,0.7274429837401306
be,hu,0.42290169337190336,9.71115809164864,2.6649141361986715e-20,433,0.3424996467124955,0.49715445742707987
hu,sk,0.6046352969437065,19.560971419002414,1.2483051984641062e-67,664,0.5541168348154992,0.6507164217035808
hu,uk,0.6621235446902145,24.01876290647,1.1400636879511384e-94,739,0.6196509176245741,0.7007297110707312
hu,lt,0.575682711955738,17.1447353598009,8.191754504046919e-54,593,0.519333877380159,0.6270472694650812
id,it,0.6726152068553268,24.709367530816262,9.952945239591492e-99,739,0.6311687724138937,0.710231575964892
id,ja,0.06730833936439734,1.83390610693184,0.06706990049354385,739,-0.004736974450886329,0.13865851418114783
id,kk,0.3277779157027979,5.742960935627517,2.4677930110984102e-8,274,0.21815133098646972,0.4292354486195191
id,km,0.4125152253046681,9.422997018515476,2.6579525972050645e-19,433,0.3313461274304102,0.4876231498326362
id,ko,0.5052748502782232,15.916955574899731,2.8759681901409753e-49,739,0.44961445660844873,0.5570264068280267
id,lv,0.4857366759827455,12.744713298943623,1.3023301407036108e-32,526,0.4177187995356187,0.5483404429851251
id,mk,0.408777731524106,9.955293604840204,2.1166299028253905e-21,494,0.33270823474588307,0.4795619150364673
id,ms,0.6355127039377291,22.375785846768846,4.4694623594945585e-85,739,0.5905190720727337,0.6765677897391288
id,no,0.5707024268901919,18.893210551969787,2.9566422567379184e-65,739,0.5200561147035311,0.6173496507443201
id,pl,0.6617140335641164,23.992330192605536,1.6294119390766605e-94,739,0.6192017227224715,0.7003585558252646
id,pt,0.632127256710026,22.17690428142411,6.363072945916265e-84,739,0.586821289832434,0.67348754384258
id,ro,0.5573666147191538,17.773888313394988,1.267366420164354e-58,701,0.5042024409335107,0.6063220146450944
id,ru,0.6240770319982502,21.71239223664086,3.086708589213642e-81,739,0.5780359493796603,0.6661572815121627
id,sh,0.41998868275226,12.580535617856233,5.018541570669294e-33,739,0.35882012891578774,0.477565362824416
id,sl,0.45064952940633096,13.365706794189881,1.851836855805265e-36,701,0.38969074758154026,0.5076766622922629
es,id,0.7091727730182662,27.344107869200784,2.777867045654317e-114,739,0.6714453605617184,0.7432335129882833
id,sv,0.5658004591619304,18.654028106513532,6.235853477483651e-64,739,0.5147544981681045,0.612849040208601
id,th,0.5201177625229637,16.554571745955734,1.3573855348019822e-52,739,0.46553437825697164,0.5707594063234693
id,tr,0.6199488916331044,21.47862367568547,6.863357528592419e-80,739,0.5735349791950795,0.6623951804221172
id,ur,0.2903064878763741,6.9577329507047665,1.0320992408289334e-11,526,0.21018136403161164,0.3665577953511668
id,vi,0.6653616979323638,24.229134788496804,6.634339860680318e-96,739,0.6232038450118619,0.7036638346626318
be,id,0.4425011487062337,10.267820748888466,2.779674502601794e-22,433,0.36360845476408976,0.5150915276869712
id,sk,0.522919546997543,15.808280158727152,5.1488678526229597e-48,664,0.4654381036218463,0.5760083384413031
id,uk,0.6015966336779486,20.47337981073121,3.880381829183148e-74,739,0.5535591160737706,0.6456442494637624
id,lt,0.5223037655784678,14.915023221195625,5.964003339873065e-43,593,0.46128981241336103,0.5784010493061762
it,ja,0.03693469173963495,1.0309098887505441,0.30290344904079824,778,-0.03334944385024761,0.10685531434715494
it,kk,0.2348105586671695,3.998602670464035,8.200421726460158e-5,274,0.1200702305408857,0.34336041627000813
it,km,0.1991079408232495,4.227819093315329,2.8803029507745438e-5,433,0.1070924395163464,0.28774165508932137
it,ko,0.42476737928312275,12.754975871811123,8.077314607404634e-34,739,0.36387702599389293,0.482042719637447
it,lv,0.5002336398749211,13.249601191563533,8.813614223449763e-35,526,0.43340195203239923,0.5615933687549317
it,mk,0.41134279215970343,10.030437549028932,1.1264548451695711e-21,494,0.3354476443537301,0.4819328078799227
it,ms,0.5209276317289959,16.58993854894522,8.840113249076057e-53,739,0.4664040294188393,0.571507901518248
it,no,0.6509183219936603,23.91607868185893,3.434851720656095e-95,778,0.6085260001215477,0.689605865683809
it,pl,0.7323237780833778,29.996701670841947,5.728543296368681e-132,778,0.6980089495871392,0.7632830341338654
it,pt,0.7472536030422378,31.364426965775206,3.1865483857121106e-140,778,0.7145373182985411,0.7767086612988509
it,ro,0.674248115479819,24.172711703445568,2.3178549937522407e-94,701,0.6318034231899894,0.7126614748917355
it,ru,0.6903374774846431,26.614616698100182,1.7946684268374287e-111,778,0.6517223253647447,0.7253830260043721
it,sh,0.4992825889235032,15.665005272534858,5.699404168641656e-48,739,0.44319739784919443,0.5514741997394287
it,sl,0.4647527748438,13.897018110113544,5.8642598983214964e-39,701,0.4047167672867256,0.520799495735267
es,it,0.7632050893350201,32.945299413322836,1.0373421473661227e-149,778,0.7322371872188228,0.7910235017953491
it,sv,0.6790507322114314,25.80131948804303,1.50432260994334e-106,778,0.6393284288811136,0.7151583897352424
it,th,0.4126227214843125,12.314128842090403,7.918945366339013e-32,739,0.35103237157626416,0.4706580291370969
it,tr,0.6407621950458907,22.688472718709814,6.807106621801543e-87,739,0.5962566098104363,0.6813411948099921
it,ur,0.17724043018615254,4.130347691127192,4.212731834806081e-5,526,0.0933200086769239,0.2586602055768677
it,vi,0.6772037995815959,25.01983720101884,1.4776730587031559e-100,739,0.6362119285080028,0.7143829711281208
be,it,0.3824396541941119,8.612794255112242,1.3403757814401721e-16,433,0.2991768922292509,0.45992247317987867
it,sk,0.554124037442796,17.15304238681584,7.210061890990434e-55,664,0.49916586197711005,0.6046418911147746
it,uk,0.5827444880403898,19.49368515724083,1.3235001246172583e-68,739,0.5330965338221708,0.6283927982252079
it,lt,0.5485646257040446,15.976906164935219,4.7420004318808196e-48,593,0.48978065635688106,0.6023835123145029
ja,kk,-0.2606846131925419,-4.469640367370043,1.1479008805727343e-5,274,-0.3674442577156533,-0.1471444016245649
ja,km,-0.28155298513866667,-6.105741715152845,2.277209099278419e-9,433,-0.3658876120704527,-0.19263198838569898
ja,ko,-0.12628681636723527,-3.460758462064655,5.695950519635972e-4,739,-0.19652170876700734,-0.054762557386166005
ja,lv,-0.029375255546704518,-0.6740032395370364,0.5006053322261103,526,-0.11442026114581294,0.05609717654991921
ja,mk,0.00378418451543035,0.08410830643728819,0.9330043931723195,494,-0.08428767580560696,0.09179737789223953
ja,ms,-5.19006738371754e-4,-0.014108968833278994,0.988746853105611,739,-0.07253864559912337,0.07150601652411558
ja,no,0.036326257616643085,1.0139048327091797,0.3109433732499418,778,-0.03395800543995514,0.10625298004857543
ja,pl,0.08635534375887274,2.4177110984129784,0.01584730085345057,778,0.016256218533147883,0.15560971590382836
ja,pt,0.11708201028638095,3.2883441032886687,0.0010530655376655071,778,0.04727287103200432,0.18575299740924422
ja,ro,-0.13540017971904936,-3.6182302483230573,3.1794356818608797e-4,701,-0.20726943957360042,-0.06207724203866191
ja,ru,0.10006624902946379,2.8051928870560943,0.005154124177253321,778,0.03007987310565786,0.16907625632950446
ja,sh,-0.24404997252955404,-6.841251017430397,1.647998928174951e-11,739,-0.310612667684478,-0.17510546005475236
ja,sl,-0.1548483751348181,-4.149883093235068,3.735454720750495e-5,701,-0.22620277356813848,-0.08184100856367386
es,ja,0.1218137840130043,3.4232020907230756,6.512463304613389e-4,778,0.05206129289614109,0.1903834760895182
ja,sv,-0.005951332114923094,-0.16600137159449974,0.8681989991162875,778,-0.07611720216859887,0.06427318878253455
ja,th,-0.006509067518351434,-0.1769498488358898,0.8595962669713357,739,-0.07849461973231818,0.06554400976621215
ja,tr,-0.11610900777070092,-3.1778652084145897,0.001545412193711429,739,-0.18657116726154085,-0.044458438596184695
ja,ur,-0.17593866907313113,-4.099039193047258,4.804642962405121e-5,526,-0.2574060063650126,-0.09198788198481103
ja,vi,0.034454353305354304,0.9371826741741943,0.3489707715525837,739,-0.0376614533313716,0.1062131375180646
be,ja,-0.03515070508192269,-0.7318910830877903,0.4646309806083818,433,-0.12874550845186855,0.05906478869791005
ja,sk,0.022329129614945053,0.5755249142618598,0.5651313278416108,664,-0.053734045916032015,0.09813467669733315
ja,uk,0.11370981802596647,3.1113308157172384,0.0019341246624470238,739,0.04203169244529119,0.18422344316945533
ja,lt,-0.06708900314693646,-1.6374130871333439,0.1020746927788903,593,-0.14667825914986773,0.013363297758999472
kk,km,0.5593807428884694,10.212155806989506,2.0328069153845512e-20,229,0.46379038614150436,0.6420967445780016
kk,ko,0.5511065021658156,10.932471399804525,2.5086085845494626e-23,274,0.4631755808694559,0.6282934247595693
kk,lv,0.5756513106620724,11.653148722256422,9.32090174413958e-26,274,0.490950428504548,0.6495712650348854
kk,mk,0.7015297437790494,16.294876331077475,3.3225853761088765e-42,274,0.636152486164927,0.7569051752024158
kk,ms,0.395837853066449,7.135072038373324,8.659234999939918e-12,274,0.29138704567973117,0.4909613106558033
kk,no,0.325994445650608,5.707985901683979,2.9662751789399458e-8,274,0.21624869184252826,0.42760511521165595
kk,pl,0.3799171845419862,6.79849621554766,6.600474745082367e-11,274,0.2741452383143791,0.4766073882340318
kk,pt,0.2537652651160237,4.342717820706432,1.983132816367779e-5,274,0.13988740934836086,0.36101765046694234
kk,ro,0.3907458542101891,7.026620958393761,1.6779465570709988e-11,274,0.28586510786904157,0.4863760239600137
kk,ru,0.40147034319525826,7.255944588912886,4.110653657669916e-12,274,0.2975032297992806,0.496027171890055
kk,sh,0.49853676145883524,9.519611354475265,9.53953836130352e-19,274,0.40426328826180513,0.582328967015957
kk,sl,0.4706803633576378,8.830457644081811,1.2704303169051525e-16,274,0.3733598865172637,0.5577535625010656
es,kk,0.23935529563929184,4.080651304642581,5.8952331169365504e-5,274,0.12481344177951424,0.34760106561984055
kk,sv,0.4188509767175249,7.635239528626553,3.769040424401576e-13,274,0.3164303863701261,0.5116188393086376
kk,th,0.48047965887682526,9.06875746620034,2.3910278288357442e-17,274,0.3842064827960142,0.5664161152093682
kk,tr,0.5261692177410477,10.242069962504878,4.6933386223150815e-21,274,0.4351323928227955,0.6065564358397457
kk,ur,0.5105656267894729,8.985707591038581,9.76827744786231e-17,229,0.4084027641384548,0.6000954389770273
kk,vi,0.2917115073972956,5.048251530197861,8.140623342825116e-7,274,0.17983631159101834,0.3961368524887556
be,kk,0.6248177795185725,12.678468145647537,8.446253095385671e-29,251,0.5433597561701586,0.6946200603796242
kk,sk,0.5984752309088323,12.365518636817333,3.3048153342896393e-28,274,0.5169333536169315,0.6692539154662154
kk,uk,0.40799344043243885,7.3971578606431985,1.7040487203042944e-12,274,0.3045971829310207,0.5018860119304143
kk,lt,0.5931456961293163,11.672154826521957,1.9635871523322878e-25,251,0.5068980536552627,0.6676351834172735
km,ko,0.6340576670063677,17.062108163989507,2.6981797667799063e-50,433,0.5742722030829543,0.6871160268505105
km,lv,0.5279383292205908,11.612978574449423,1.3923045993458514e-26,349,0.44801768454389534,0.5994880128532215
km,mk,0.44506595119753994,8.932254973573793,3.2371770197772327e-17,323,0.35338449344652934,0.5282790628701173
km,ms,0.4222557486991688,9.693103582414405,3.0819116521678894e-20,433,0.34180533685941866,0.4965622181521255
km,no,0.3514475520212406,7.811461945090557,4.314273293635412e-14,433,0.2662241587437027,0.43121898793094365
km,pl,0.36444150438632555,8.143602254107774,4.134647658470444e-15,433,0.28001592948158865,0.44327308958504574
km,pt,0.23569507475665388,5.0466765218823495,6.630589498861598e-7,433,0.1448854621730595,0.3225672379217135
km,ro,0.5111467852221633,11.95346330615672,2.0939043227016662e-28,404,0.43548711359732967,0.5796355469051162
km,ru,0.37649065751198624,8.45648796867197,4.2634071440392093e-16,433,0.2928361084605419,0.45442531053281987
km,sh,0.5221948888914447,12.741367424043705,8.425520335238387e-32,433,0.450282057387498,0.5873767917633139
km,sl,0.5653481025627395,14.262105069695586,4.1681951206379e-38,433,0.49778729291079005,0.626089131455448
es,km,0.2722849975385307,5.888365967957494,7.832323730331243e-9,433,0.18294823828360512,0.35716183388404016
km,sv,0.38359588791842825,8.643318091371366,1.0674735438565496e-16,433,0.30041012689510826,0.4609902005542608
km,th,0.5805391429712797,14.836351287380603,1.484930565812048e-40,433,0.5146073881812956,0.6396459836737655
km,tr,0.42513519157107577,9.773724893925746,1.608131493766673e-20,433,0.34490105534290183,0.4992017241152582
km,ur,0.6490967086648813,15.335356795779095,2.9234642916194387e-40,323,0.5813580493669821,0.707899435127139
km,vi,0.34682114316485624,7.694466118098185,9.691105495571529e-14,433,0.2613221012922889,0.4269203210171845
be,km,0.629529202142405,13.411677380729982,7.130126212967741e-32,274,0.5525283748544046,0.6958753401943608
km,sk,0.39225008297079134,8.268674313025198,2.363283100548055e-15,376,0.3033857630837823,0.4743501215310375
km,uk,0.478668702126187,11.344533467224556,2.7058057038362237e-26,433,0.40277513241603824,0.548025348183147
km,lt,0.5428146014839259,12.53263518667241,2.382553972392138e-30,376,0.46754603822818797,0.6102687297025678
ko,lv,0.5323725520518733,14.423688968804488,5.591085385223891e-40,526,0.46831552151988565,0.5908624804969419
ko,mk,0.4249656909323885,10.434418735507062,3.602994549946235e-23,494,0.35001804286212035,0.4945071929416418
ko,ms,0.544350704785541,17.64057317288515,2.16709186142352e-58,739,0.49160180840895623,0.5931195555349199
ko,no,0.44556760456824523,13.529829511499198,2.0066469143127376e-37,739,0.38593006894606813,0.5014965173874951
ko,pl,0.4849510471055722,15.074391763990672,5.695684367792213e-45,739,0.42787315694416783,0.5381763432201382
ko,pt,0.48314317677163937,15.001041196200372,1.330293153372402e-44,739,0.42594238937385115,0.5364969840908891
ko,ro,0.49622840935959617,15.1329936097251,5.636877312261694e-45,701,0.43836917881751153,0.5499918317050305
ko,ru,0.48311488362748073,14.999895256363443,1.3480169307534146e-44,739,0.4259121770297748,0.5364706987864134
ko,sh,0.5152531360552561,16.343413287104852,1.7414753411609235e-51,739,0.460312877776612,0.5662616622871719
ko,sl,0.4627484962278994,13.820710662072198,1.350738893353669e-38,701,0.4025793707317192,0.5189361613600756
es,ko,0.46612611132696263,14.32255987765688,3.0604082904753587e-41,739,0.4077940170346047,0.520668829080874
ko,sv,0.47693933318335047,14.751222017025903,2.352493794306847e-43,739,0.4193207737390157,0.5307309215459695
ko,th,0.6625784510177732,24.048170669938937,7.662073834946206e-95,739,0.6201499393837727,0.7011419851851348
ko,tr,0.5472278067989147,17.773516929550013,4.128655195584219e-59,739,0.4947030043054211,0.5957693197119291
ko,ur,0.44267432190156986,11.322400824491684,9.545283522100049e-27,526,0.37137073951938987,0.5087871102645086
ko,vi,0.4669387006817983,14.35448215724082,2.135568828406884e-41,739,0.40865958131563557,0.5214254996546754
be,ko,0.573634851876679,14.572586646643362,1.9963807746241494e-39,433,0.506956399894494,0.6334889821005382
ko,sk,0.4742626893128725,13.881332673184643,1.1872835049212147e-38,664,0.41317774922583234,0.5310988501416565
ko,uk,0.574685129561037,19.089740814868488,2.390545062970946e-66,739,0.5243663954137372,0.6210040158094872
ko,lt,0.516974286041361,14.706930958589403,5.7148316789355106e-42,593,0.45552308995753965,0.5735220907654948
lv,mk,0.6294448149249385,16.85603145130047,2.2193028807921255e-49,433,0.5691044579932851,0.6830422657242624
lv,ms,0.4745788165219656,12.365549963895473,5.1918488624957726e-31,526,0.4056755082555255,0.5381186194926929
lv,no,0.5411372861876897,14.758366217072476,1.7014007679571842e-41,526,0.4778717860853551,0.5988179487576106
lv,pl,0.6006265809880288,17.229109442419865,4.489369138869284e-53,526,0.5431316505026456,0.652515318763075
lv,pt,0.5819844355551588,16.413715924060263,3.455678471581649e-49,526,0.5226061768038972,0.6357440644010679
lv,ro,0.5491227340543815,15.069200577087024,6.4506273085472545e-43,526,0.48659144450867337,0.6060561876321753
lv,ru,0.4581910536199171,11.822496023136031,9.159884010591841e-29,526,0.38803056277743014,0.5230716701262729
lv,sh,0.6185824037466605,18.056046485680984,4.5642875204007216e-57,526,0.5629666467072436,0.6686212100051289
lv,sl,0.6608415112031366,20.194111342052064,1.4531519361503542e-67,526,0.6099025939335264,0.7063421255053794
es,lv,0.5084135958282013,13.540973159320675,4.724266105469886e-36,526,0.4422691189901402,0.5690575036877017
lv,sv,0.5342808616804698,14.495994424461985,2.6366387237492337e-40,526,0.47039489234711696,0.5925955612050615
lv,th,0.4302454523767676,10.931001974771982,3.33310250048656e-25,526,0.35805929080433613,0.49731888914294653
lv,tr,0.6181541564520219,18.0358114100129,5.722918992268898e-57,526,0.5624928340840638,0.6682376294078823
lv,ur,0.4324997057181996,9.641535010464448,6.168951729945431e-20,404,0.3499043252062113,0.5084226563899037
lv,vi,0.47467769700036394,12.368875636853305,5.027993040190766e-31,526,0.40578213042492617,0.5382092870160555
be,lv,0.5192008186732062,11.349027005351472,1.2767597749231519e-25,349,0.4383446682392333,0.5917209603265546
lv,sk,0.6496906002817509,18.995158099799223,8.297921582274416e-61,494,0.595722895793844,0.6978183223363391
lv,uk,0.49597041140557263,13.099632809674745,3.926319148262782e-34,526,0.42878568685373936,0.5576992489489571
lt,lv,0.6904722752468818,21.21562915696189,1.720021742933484e-71,494,0.6414216671471005,0.7339009051502222
mk,ms,0.44620406622071274,11.081723953620545,1.2188960806020718e-25,494,0.3728061617216494,0.5140530185015367
mk,no,0.36680827318681125,8.763572452639114,3.047445445752225e-17,494,0.2880676951508256,0.44062207900223105
mk,pl,0.4799933191425924,12.160861097508969,6.013229469494656e-30,494,0.4092443828941769,0.5450049558565172
mk,pt,0.46204301910210177,11.57955948060307,1.3390837931599908e-27,494,0.38985869811864104,0.5285839932833032
mk,ro,0.4286404380047311,10.544849729601252,1.385380717949617e-23,494,0.35395459636614696,0.49789412788553117
mk,ru,0.4037187584524758,9.807916913898225,7.227874908304508e-21,494,0.327309160028769,0.47488286079617337
mk,sh,0.408569112212765,9.949194565883172,2.227512310505306e-21,494,0.33248549187247084,0.47936904215905496
mk,sl,0.4775459886088495,12.080478540192674,1.2806428059058225e-29,494,0.4065975871602409,0.5427690666118071
es,mk,0.40667576048454934,9.893927288806188,3.534776717953674e-21,494,0.3304643479259039,0.4776182864940913
mk,sv,0.3953946478083243,9.5677482745587,5.2116524225964814e-20,494,0.31843628620958875,0.4671751078166497
mk,th,0.487878917685057,12.422396979398524,5.046913847089358e-31,494,0.4177807895760006,0.5522029804990387
mk,tr,0.5748796855602013,15.615676992334498,5.702375593928595e-45,494,0.5127905875701725,0.630986354526456
mk,ur,0.4690151799259693,10.67390632597395,1.3473308929437606e-23,404,0.38946929148169573,0.5416161278051046
mk,vi,0.4313188271511361,10.625742150369664,6.851741004909701e-24,494,0.35682547493072264,0.5003614109555954
be,mk,0.44106666233724057,9.5296316265458,2.000816412070617e-19,376,0.3560387245391607,0.5188511605191805
mk,sk,0.6000377688580396,16.67122272545784,7.834153279048968e-50,494,0.5405510842445574,0.6535545276576475
mk,uk,0.4022943417081931,9.766616262012233,1.0175318345429877e-20,494,0.3257898830535578,0.47356468861871276
lt,mk,0.6320204620672735,17.54878284642033,3.1691786730939598e-53,463,0.5740801568277693,0.6836628240715569
ms,no,0.5600856734370396,18.378853073308676,2.0455512325162232e-62,739,0.5085787207038508,0.6075983061453717
ms,pl,0.5631525323614882,18.526043099015148,3.1692997677660617e-63,739,0.511892313610717,0.6104166466297152
ms,pt,0.6059959231233604,20.709487170481164,1.7542099077423094e-75,739,0.5583425743937561,0.6496635451890895
ms,ro,0.6098379096286743,20.373226676677152,7.965537242550316e-73,701,0.5612002907141131,0.6542782580788158
ms,ru,0.5518851520517406,17.99063419377661,2.7243768280829424e-60,739,0.4997259412762508,0.6000564203454123
ms,sh,0.5355213937040066,17.238054560519885,3.1814485372384026e-56,739,0.4820931392285956,0.5849813022058495
ms,sl,0.5343473470443489,16.737468872177736,3.728910350630249e-53,701,0.47934268716799244,0.5851705342267746
es,ms,0.6228251650516198,21.64119058316531,7.94550267143518e-81,739,0.5766707250010954,0.665016642909481
ms,sv,0.5550106498049792,18.13769285937489,4.2906765945212315e-61,739,0.5030987521310806,0.6029318999425587
ms,th,0.5634928266123912,18.542443820899113,2.5738370952210104e-63,739,0.5122600791489502,0.6107292918867075
ms,tr,0.620019431526731,21.48259365571564,6.511600078684346e-80,739,0.5736118663180967,0.6624594835769677
ms,ur,0.32187820481563423,7.797131703500078,3.4196144978764314e-14,526,0.24322697024240308,0.3963243963011252
ms,vi,0.6261034525963682,21.82822915888843,6.619612880229845e-82,739,0.5802464102102006,0.6680032375586122
be,ms,0.4806430712972713,11.405346398390424,1.582126459982207e-26,433,0.40492125264973294,0.5498170209360596
ms,sk,0.5182257513574103,15.613959964615677,4.810099263986956e-47,664,0.4603791601498248,0.5716899630118785
ms,uk,0.6065052391696742,20.737014230503885,1.2218884857931973e-75,739,0.5588965712952856,0.6501287108518722
lt,ms,0.5145677761060957,14.613736593283745,1.5650101269954905e-41,593,0.45292083338817135,0.5713176966782244
no,pl,0.6733454610234666,25.403326014508693,3.8256884871195077e-104,778,0.6330713538078981,0.7099841112336924
no,pt,0.6659495330437514,24.899702321572267,4.1834061063414744e-101,778,0.6249679300957143,0.7032706329966957
no,ro,0.6415220700751002,22.141958694321453,8.99274894200799e-83,701,0.5958425966436485,0.6830640205107625
no,ru,0.6297636713484482,22.613384695800775,2.0469875432294034e-87,778,0.5854474278125108,0.6703275398102235
no,sh,0.624154000225821,21.716778823524038,2.911978889365116e-81,739,0.5781198955457905,0.666227404691745
no,sl,0.5961067460178769,19.6570697802977,7.44970668360615e-69,701,0.546239879174407,0.6417630661774681
es,no,0.6571174227185768,24.315512624769067,1.3738300832981936e-97,778,0.6153024954279325,0.6952447641122463
no,sv,0.7376702802651435,30.47506572054018,7.36151382049584e-135,778,0.7039237051143853,0.768093944922453
no,th,0.4164973141271119,12.453892621958323,1.8714048282058584e-32,739,0.35512777257051825,0.4742922646532637
no,tr,0.652291887315945,23.394480154784567,5.178216319803026e-91,739,0.6088742001917785,0.6918131368012225
no,ur,0.2397091098041099,5.662753034702175,2.4533837343260986e-8,526,0.157600992299471,0.31852554554285767
no,vi,0.6557291200361819,23.61032152990708,2.825995462337753e-92,739,0.6126400129481333,0.6949318194358658
be,no,0.43110730438886674,9.942098270043921,4.089727237919477e-21,433,0.3513273041086466,0.5046718169040547
no,sk,0.5217703738721137,15.760524083552596,8.927027166789372e-48,664,0.4641991847373453,0.5749513525934125
no,uk,0.5978728557427483,20.27581178265198,5.1396943799208125e-73,739,0.549512633851756,0.6422402089365541
lt,no,0.5504052242053982,16.053755872508983,2.001679747480665e-48,593,0.49178227167145483,0.6040607841708819
pl,pt,0.725315438629252,29.387682599438723,2.777518432519135e-128,778,0.6902628132567566,0.7569715580132854
pl,ro,0.6443442398652367,22.308258350452835,1.0241403536243622e-83,701,0.5989365213126522,0.6856217796948967
pl,ru,0.6992600751172314,27.283687133307662,1.5794571245936156e-115,778,0.6615347849705957,0.7334550560791848
pl,sh,0.564721360990033,18.601769197390865,1.2117339008992534e-63,739,0.51358794707636235,0.6118578849856202
pl,sl,0.5766803909082837,18.689090487699186,1.4899933291068112e-63,701,0.5251286336254969,0.6240153875308797
es,pl,0.7584913305073001,32.4641428916681,7.876445353354272e-147,778,0.7270024128294055,0.7867965497983492
pl,sv,0.6941112025623465,26.894663138114833,3.605114301106547e-113,778,0.6558708319959182,0.7287981884998488
pl,th,0.4216438588267453,12.640810362926347,2.674504724501231e-33,739,0.3605712577170568,0.4791165037791063
pl,tr,0.639548191037428,22.61568758709642,1.804619481667448e-86,739,0.5949293352460528,0.6802375977821721
pl,ur,0.21110530638411557,4.953264860111343,9.850504399208262e-7,526,0.1280807362207085,0.2911915976117662
pl,vi,0.6496585568739014,23.230822843374856,4.684984667993639e-90,739,0.6059904615450024,0.6894228557987766
be,pl,0.4844353742437437,11.522788574810376,5.588899090327017e-27,433,0.4090457909960048,0.55325662206731
pl,sk,0.5619196614035592,17.504593946552212,1.0718923289576168e-56,664,0.5076179371241715,0.6117749066654607
pl,uk,0.6601834871057369,23.893875259713035,6.159721532823836e-94,739,0.6175231045788976,0.6989711793109588
lt,pl,0.6207911630473404,19.28280094186503,1.1032178437387787e-64,593,0.5687933383092615,0.667846309768037
pt,ro,0.6250101463759861,21.198653673377542,1.9097492503637557e-77,701,0.5777678254975581,0.6680786583463865
pt,ru,0.6225452510551944,22.188598274686832,6.733953161541858e-85,778,0.577588925595506,0.6637368084356652
pt,sh,0.5536938048338497,18.0755994457792,9.370777870822896e-61,739,0.501677515593813,0.6017205452044349
pt,sl,0.48738542758440156,14.778294397788294,3.2008448374543335e-43,701,0.428898224003043,0.5418035837971324
es,pt,0.7728860752850973,33.97371081543482,7.646923332230238e-156,778,0.7429997072439255,0.7996963767868713
pt,sv,0.6395106017098785,23.202468080079573,6.377912246640069e-91,778,0.5960718828818624,0.6792167675807307
pt,th,0.44527912569373873,13.518902502810551,2.260452562911788e-37,739,0.38562374789983384,0.50122709835106
pt,tr,0.6428322047759342,22.813246591802514,1.2780491125804494e-87,739,0.5985203195090849,0.6832225231695029
pt,ur,0.1987789198765951,4.651761781555425,4.16895101845951e-6,526,0.11540461571024617,0.2793719823021989
pt,vi,0.6500574622164659,23.25552051392294,3.360640794395182e-90,739,0.6064272257729748,0.6897849988966627
be,pt,0.4131053090050603,9.439247422780575,2.3373576010668917e-19,433,0.33197918218654215,0.4881651296298851
pt,sk,0.5424768822531956,16.639850560833015,3.1658324322747504e-52,664,0.48655738179893454,0.593969596088777
pt,uk,0.6021055937872459,20.50054448925259,2.7187125309558977e-74,739,0.554112359143573,0.6461093724272575
lt,pt,0.5955842086150231,18.05496303408475,2.134035488706676e-58,593,0.5411085699223752,0.6450822924734254
ro,ru,0.6074525795003115,20.24679290474661,4.027013442764977e-72,701,0.55859913700289,0.6521059079147057
ro,sh,0.6856788699664167,24.940523513110097,9.03926689539161e-99,701,0.6444072447240631,0.7229673296579372
ro,sl,0.6976019763737852,25.089056625940884,3.192420297063383e-98,664,0.6564190015369014,0.7346394079285758
es,ro,0.6040100660809926,20.06585028271808,4.075595780181463e-71,701,0.554846839901849,0.6489694743393524
ro,sv,0.6507307028120602,22.690391404767283,6.885410627601625e-86,701,0.6059429636842957,0.6914061311483806
ro,th,0.5380692079506906,16.901325001447525,5.1980221526621506e-54,701,0.48335615317886693,0.588595095917223
ro,tr,0.6424633322687971,22.19725235438859,4.368237696918543e-83,701,0.5968743450146452,0.6839172086101385
ro,ur,0.35650216426133086,8.75127340162713,2.871940778564523e-17,526,0.27967843924715885,0.4287897766727203
ro,vi,0.675614775420694,24.26277802886851,7.05420451742606e-95,701,0.6333091545281809,0.7138945152561893
be,ro,0.482527178430081,11.463589443943338,9.44982936890077e-27,433,0.4069700371928029,0.5515261906235186
ro,sk,0.6313078773555955,20.976129332115192,2.419934882994263e-75,664,0.5833125374537238,0.6749100419518004
ro,uk,0.6282378137099889,21.379205268066233,1.8404275964737634e-78,701,0.5812973506472436,0.6710106708237152
lt,ro,0.6262302885958906,19.559977028365882,4.073476213870606e-66,593,0.5747826189442246,0.6727467813297597
ru,sh,0.45295077950405205,13.811300599485687,9.154669257583724e-39,739,0.39377436475555205,0.5083881954225454
ru,sl,0.456458629038116,13.582979690358194,1.787471490763868e-37,701,0.39587600769371817,0.5130851389576978
es,ru,0.6847604771336748,26.208313235805548,5.184507021674426e-109,778,0.6455956815300369,0.7203327664684641
ru,sv,0.6540186793580205,24.11478642250312,2.20637793794801e-96,778,0.611914357248338,0.6924266355036727
ru,th,0.5208117448266797,16.58487403117327,9.40024372500707e-53,739,0.4662795816536017,0.5714008019889386
ru,tr,0.617424086649754,21.337081797562778,4.4723574286472944e-79,739,0.5707835288272368,0.660093192527228
ru,ur,0.2735711199476758,6.52311399948682,1.6196627343921023e-10,526,0.19273865648501934,0.3507157162800574
ru,vi,0.6391017846257342,22.58899559094241,2.579907668746576e-86,739,0.5944413388332668,0.6798317431820861
be,ru,0.499153645047655,11.986789087960204,8.689024147880448e-29,433,0.4250827286018465,0.5665838337815337
ru,sk,0.5568221009122266,17.273962122237375,1.7014072346030096e-55,664,0.5020899401228517,0.6071115432507644
ru,uk,0.7324394693618185,29.245153114245497,1.6549995174614415e-125,739,0.6971955891415086,0.7641513010582088
lt,ru,0.5104974658908336,14.457175881507263,8.445211126504363e-41,593,0.44852183170186805,0.5675873755555539
sh,sl,0.7492313286589132,29.95123087888774,1.4691736689206513e-127,701,0.7148930181207199,0.7799645768073636
es,sh,0.4858614876642072,15.111426508131158,3.708377902999899e-45,739,0.4288456856161639,0.5390219057684124
sh,sv,0.6032825043756697,20.56350998145778,1.1912606528047938e-74,739,0.5553918312770489,0.6471847896001567
sh,th,0.44562242278192477,13.531906511253924,1.9617172423422553e-37,739,0.38598827910632805,0.5015477125279475
sh,tr,0.5905047247911092,19.890864856033616,7.732063884515933e-71,739,0.5415126576787844,0.6354995718489066
sh,ur,0.3123938372434283,7.542118617288499,2.0439748047956184e-13,526,0.23328061326235797,0.38739871441499324
sh,vi,0.5205861990570311,16.575020781295667,1.0593470284019587e-52,739,0.4660373804271256,0.5711923537706451
be,sh,0.4392360243279015,10.173861861837327,6.069345993251094e-22,433,0.36008625013915835,0.5121077515001553
sh,sk,0.5543388645318543,17.16264159520569,6.430059466372032e-55,664,0.4993986391094662,0.6048385670758137
sh,uk,0.513996726115738,16.289228164590202,3.343794696110938e-51,739,0.4589649136876629,0.5650995149622164
lt,sh,0.6124476071672716,18.866366701991254,1.5360569738344031e-62,593,0.5596165562892738,0.6603211055928497
es,sl,0.4808174264056203,14.51872224017207,5.962031303228019e-42,701,0.4218721162525481,0.5357151845452888
sl,sv,0.5410261816402094,17.03249720513797,1.0673382486643871e-54,701,0.4865464439946433,0.591314576957342
sl,th,0.4486685161333893,13.292102961524074,4.0682657214535396e-36,701,0.3875827131632045,0.5058312407373265
sl,tr,0.5688159235180099,18.311056519623154,1.6593409697793392e-61,701,0.5166000680049888,0.6168165931366852
sl,ur,0.2848900331856715,6.8163319519610885,2.5674691697508785e-11,526,0.2045303881079241,0.361435291195661
sl,vi,0.544127361392521,17.171026214630952,1.9946108714463893e-55,701,0.48989388098771314,0.5941654537585039
be,sl,0.39022793446057324,8.518875473216852,3.225611674370421e-16,404,0.30446740843948167,0.4697127028295249
sk,sl,0.5994471851973487,18.767909523372815,1.012836147036688e-62,628,0.5469439834422115,0.6472533800872586
sl,uk,0.5136155515786246,15.848915256770082,1.4074076160113692e-48,701,0.4570285910591507,0.5660615467450654
lt,sl,0.6351974968020921,20.027286606398945,1.5309366473905285e-68,593,0.584668889118972,0.6808170371738873
es,sv,0.699736156055919,27.320071841890456,9.50361758571705e-116,778,0.662058709336126,0.7338854826303167
es,th,0.40304656515512816,11.972123091171511,2.5839150378773096e-30,739,0.3409205804505948,0.46166746569393413
es,tr,0.6508479369516509,23.304560115739626,1.737239492862919e-90,739,0.6072927998327952,0.6905025664869069
es,ur,0.21744788752336922,5.109356905998705,4.5299331834974467e-7,526,0.13461386131900857,0.29726390584390483
es,vi,0.6957798472114846,26.333909565879633,2.5962975476135732e-108,739,0.6566640486089138,0.731162406460113
be,es,0.39409725908537496,8.922763197671854,1.2949511223862497e-17,433,0.31162359997164196,0.47067747289211803
es,sk,0.5540219268266225,17.148481470072355,7.613088775825675e-55,664,0.4990552222107155,0.6045484058486262
es,uk,0.5990094683343773,20.335896819380004,2.3442844414668075e-73,739,0.5507475052871796,0.6432794133455565
es,lt,0.5352287023099767,15.429809031238586,2.0973061310769475e-45,593,0.4752965841838199,0.5902167469971957
sv,th,0.41066374918230086,12.243772627031792,1.630472074880369e-31,739,0.34896265628708933,0.4688198302284149
sv,tr,0.6492832024536409,23.207613616083595,6.401435180174992e-90,739,0.6055795074273699,0.6890820750682765
sv,ur,0.3491269104839515,8.544794781710642,1.3993926772254887e-16,526,0.2718952991198867,0.42188993659004276
sv,vi,0.6530190968322501,23.439933709895822,2.8076490590695137e-91,739,0.6096707636492469,0.6924730742135599
be,sv,0.48074176402814023,11.408392152521223,1.54010977349215e-26,433,0.4050285525950648,0.5499065645254113
sk,sv,0.536572791672596,16.384958777209842,6.323756029631308e-51,664,0.4801748678834598,0.5885527434129539
sv,uk,0.5705303506638865,18.884764189459307,3.293493364043717e-65,739,0.519869943290181,0.6171917152557712
lt,sv,0.5461445727575084,15.876367828224524,1.4619237362280761e-47,593,0.48714983821488805,0.6001774807653288
th,tr,0.4928795773275895,15.399091648986884,1.2990598044440537e-46,739,0.4363468170822165,0.5455362918609146
th,ur,0.4911460174520201,12.931438047263134,2.076306317137983e-33,526,0.42356601438697566,0.5532892693708515
th,vi,0.48828395492257914,15.210281634809096,1.1764604545916586e-45,739,0.43143399847208164,0.541271226253467
be,th,0.5007531053841912,12.038026304308987,5.459071056347892e-29,433,0.42682829661936145,0.5680300032265889
sk,th,0.4850139506700044,14.291416337624128,1.3597993502315422e-40,664,0.42469071606251907,0.5410496505585465
th,uk,0.5847808043990793,19.597109310040885,3.479246122219326e-69,739,0.5353040070592655,0.6302583810256737
lt,th,0.47152149400908827,13.020626220515949,2.8814708919563708e-34,593,0.4065499084536714,0.5317479474713879
tr,ur,0.3755448652317849,9.2932303018335,3.9572541327109458e-19,526,0.29982109320005135,0.44656605902005186
tr,vi,0.6409858768043111,22.70191489962338,5.6850897371884135e-87,739,0.5965011883584439,0.6815445138182632
be,tr,0.42795747803538237,9.853097352846532,8.448641144127579e-21,433,0.34793701918670294,0.5017875031248817
sk,tr,0.5706567742413434,17.906720852771496,8.377192683152207e-59,664,0.5171032190572271,0.6197597628781387
tr,uk,0.5775498192878554,19.232351145590478,3.832788469120702e-67,739,0.527468301731968,0.6236312933997257
lt,tr,0.6010279783253007,18.312656724209173,1.044161634232502e-59,593,0.5470774757703842,0.650005927927324
ur,vi,0.33475376557863457,8.147540974459945,2.723368764836596e-15,526,0.25675622850802915,0.40841903238032873
be,ur,0.5663446661830185,12.349974571131991,5.811769058668961e-29,323,0.48759506504037625,0.6359533353162873
sk,ur,0.2929027628407566,7.025768544676075,6.622018919032855e-12,526,0.21289195182403134,0.3690115327915127
uk,ur,0.28052622915823044,6.702929070637654,5.2750299282387916e-11,526,0.1999815331920469,0.3573049467187089
lt,ur,0.46001463436130596,11.147886646316415,9.950734784002456e-26,463,0.3851937596212358,0.5288271909724981
be,vi,0.46305611146204895,10.871328661147714,1.6704672014576506e-24,433,0.38583373600551685,0.5338350044312846
sk,vi,0.5341765931772278,16.282480388953058,2.0964307716543952e-50,664,0.47758620194052476,0.5863529600923216
uk,vi,0.6165537622898704,21.28853885908488,8.499953990238413e-79,739,0.5698353203388721,0.6592994895579747
lt,vi,0.5498075440111362,16.028764546703535,2.6502043951447342e-48,593,0.49113223806790435,0.6035161916082116
be,sk,0.45718345593414217,10.696724257811317,7.462377622612282e-24,433,0.37947470284848805,0.5284869872162947
be,uk,0.608104444154452,15.939688506914923,2.433301214036894e-45,433,0.5452588686955002,0.6641523831218479
be,lt,0.5799259925596119,14.308100436628534,7.403855503397116e-38,404,0.5114699173485,0.6410675077281542
sk,uk,0.5612392554940179,17.473643297178565,1.5545946600431173e-56,664,0.5068798193006887,0.6111526563191895
lt,sk,0.6487604712434117,20.156253338754897,2.550251784980558e-68,559,0.5980998271502035,0.69425693101495
lt,uk,0.574495763001156,17.09194490027261,1.502900649900889e-53,593,0.5180375167350494,0.6259698964064042
