key_id_1,key_id_2,hd_sim
5857657296519168,4645518711980032,98.73196037757987
6253372095070208,5824588950798336,61.84658438426491
5529200716939264,5812753950310400,71.30918594402827
4782401362329600,6403823776038912,63.60031446463138
6754895359115264,6386493884989440,97.49871794028884
4616987613331456,5088359665893376,107.68936809174804
5300792745525248,5407066791346176,107.01868995647442
6527499875909632,6135258900594688,103.36827366266692
5741363691782144,5432073785442304,89.56003573022959
6727613328392192,6228043804704768,108.67382389517726
5547960492359680,5301982686347264,54.230987451824994
6365747632668672,4637158587498496,58.05170109479997
5774061210697728,6155797736194048,85.98837130682264
5386203400503296,4547476986003456,58.60034129593445
6181352288288768,4709241761824768,85.60373823613078
5385316930158592,5476118373072896,77.4919350642375
5172206235549696,4987349081522176,52.009614495783374
6415367440171008,5428495511453696,76.94153624668537
4941559902502912,5205665221967872,88.0056816347672
5336067391619072,5596522160848896,73.00684899377592
4666789231329280,5855489495662592,90.0499861188218
5258906609647616,5871598005387264,62.39390995922599
5549245409001472,5961759988908032,59.90826320300064
5428038932103168,4859910741295104,100.0199980003999
5836433317167104,5399524208017408,54.08326913195984
6480096443498496,5933223722876928,99.32270636667126
4803829491040256,5961262447984640,75.32595834106593
4977868213846016,6596694403710976,78.54934754662193
5124918666592256,4999841950203904,60.29925372672534
5576672420036608,6273955830693888,55.31726674375732
5919233839988736,6226617238028288,114
5346994409177088,4960229433278464,126.37246535539299
5775287579049984,5897597321478144,44.721359549995796
4665219169124352,6502535063928832,53.33854141237835
6575134586437632,5420594516459520,40.496913462633174
5669023456952320,4975346459869184,83.38465086573187
5884214908026880,6283462468173824,50.695167422546305
6251851076861952,5532550690766848,103
5259953277239296,6225312452968448,69.63476143421474
5698581040201728,4520532441563136,101
5760118471786496,5259943139606528,104.23531071570709
6360749603553280,5854610705088512,47.16990566028302
6407771085864960,6636792147083264,45.17742799230607
5491020215091200,4975771527413760,124.90796611905904
6309223178698752,6073019980054528,65.21502894272147
5327600685678592,5298531139059712,101.65136496870073
5700539759198208,5178952307965952,56.22277118748239
6401464920440832,5363718760169472,131.06105447462264
5488462981496832,5904489854795776,73.68174807915459
5017819794112512,5333845102559232,83.43860018001261
5045395971375104,5747227211333632,112.00892821556681
6589176143151104,5320844081364992,65.29931086925804
4801659559477248,5693223001391104,107.56393447619885
5066280463761408,5894613040627712,40.85339643163099
5354818631630848,6189287626244096,100.12492197250393
6273149450584064,4911378475253760,67.00746227100382
6010432085032960,5308148795572224,91.52595260361949
6145124608245760,4649452461621248,48.75448697299562
4967804702818304,5062995149324288,128.87590930814028
4885139798622208,5995191863345152,79.55501241279521
6744414837800960,5346447543238656,56.08029957123981
5721678447378432,5265918160535552,49.57822102496216
6625974672162816,6253411118874624,186.52613757862463
4970078351130624,5122490030358528,53.03772242470448
5054707103956992,4831827426541568,54.644304369257
6694688641777664,6736420490182656,74.51845409024533
5948606567677952,6671462851149824,55.072679252057455
5472948691402752,5050916996644864,111.11255554616679
5882740257849344,6686471715028992,55.54277630799526
6584411447361536,6025127953170432,38.47076812334269
5131267446145024,5297739288018944,92.19544457292888
6381827923116032,4813032368635904,118.27087553578015
5969902110244864,5385211133034496,47.16990566028302
4898683122352128,5600531605094400,60.41522986797286
4936686456799232,4753097521889280,141.35416513141735
5023558507954176,5233404117254144,66.70832032063167
4792682842947584,5191025289068544,43.73785545725808
4549999608201216,6541597887954944,57.245087125446844
6261721696043008,6475345450500096,74.94664769020693
5455081119940608,6278368469188608,97.6933979345585
6267002458996736,6579992920064000,179.88885457415086
6592272596467712,6058395276673024,81
5740254550032384,4509157556224000,112.37882362794157
5599363470458880,5520193176469504,94.02127418834527
6747212904136704,6284069669175296,144.77914214416384
4584091787722752,5792808843608064,39.6232255123179
5297798092161024,5948326543360000,62
6551420348137472,5494869193654272,45.39823785126467
6475877053366272,6664737993523200,137.05838172107534
5805956510253056,5463235555753984,119.5198728245642
5579238608470016,5221620102725632,142.0563268566381
6489907990102016,6377681136386048,59.0592922409336
6573654617882624,6295776508510208,129.80754985747168
5502490617315328,5302826311876608,99.12618221237011
6133845889908736,6414569935208448,48.27007354458868
4556881890639872,4511427899424768,102.00490184299969
5760764247801856,5296702963580928,58.60034129593445
6174116107255808,5107218028429312,107.20541031123382
4979414129442816,5163318773809152,44.10215414239989
4538083439542272,5960600733614080,51.97114584074513
4800210515525632,4600726577741824,103.57605900979242
5587032145395712,5260646910263296,81.30190649671138
5182210992766976,5549619897434112,55.14526271584895
5044329238233088,5418708937736192,60.4648658313239
4827008192217088,5002049584365568,96.17692030835673
5522868001570816,6562821150081024,54.589376255824725
4676509686038528,5716690883051520,39.319206502675
6275710639407104,5541703765196800,68.59300255857006
6086650960543744,6302836830765056,95.42536350467836
6203830456811520,5734537361358848,69.26037828369117
6742651615313920,4777079734272000,78.84795495128583
5311094606266368,6506233735413760,151.79591562357663
5669595144781824,6379186602115072,87.8179936004006
4784609046822912,5297723555184640,55.60575509783138
4711161209552896,6720256447873024,47.53945729601885
5205170159878144,5027511190683648,53.75872022286245
6680239683928064,6422445948928000,53.150729063673246
5992804146741248,5098247989231616,78.84795495128583
6707802988871680,4596705901150208,101.13357503816425
5950882988425216,5360809087598592,112.28535078094559
6194745091031040,4582103146561536,50.00999900019995
5957223312261120,5005828048289792,71.69379331573968
4594885254447104,6236223905464320,85.05292469985967
5121039069609984,5008179006013440,89.44271909999159
4598072120180736,5675830061563904,80.95677859203639
5394023197966336,6091086235697152,62.5859409132754
4702403972562944,6369731667820544,97
6542736977035264,6583788492554240,46.75467891024384
5680965097619456,5226313277243392,82.20097323024831
6128371618545664,6741161010003968,67.36467917239716
4556702810636288,5325575608598528,109.48059188732951
5681530770817024,6322542342045696,102.20078277586722
5766711749902336,4886724423450624,82.63776376451628
6651651257532416,4693182379982848,60.03332407921454
6513921286471680,6429539678814208,112.92918134831227
6644578838904832,4648643682369536,103.04368005850722
6165396740636672,5207613325180928,96.42095207992918
5573966888435712,6616404860076032,63.071388124885914
4683830592012288,4894194529206272,134.13426109685773
6594712041422848,4619722496671744,74.63243262818116
5940721343266816,5073193834381312,88.32326986700618
6330493081485312,5770384953573376,58.9406481131655
5426189512474624,6422569227911168,114.54693361238441
5640166393774080,4625503992414208,80.06247560499239
6180408670552064,6238361788350464,60.03332407921454
6339220807352320,5948483305472000,104.80935072788114
5425652813529088,6190976487915520,110.3177229641729
5386126191755264,6282496004063232,89.15716460273958
5697912816271360,4952762649411584,117.15374513859982
5302233803522048,5763116476399616,121.01652779682617
6078492653387776,6024455006453760,89.10667763978185
6504103393886208,5317396384448512,90.19977827023745
6145740936052736,4649165151797248,102.42070103255493
5300757827944448,4888562216468480,50.93132631298737
6737276333719552,6193055520522240,83
4653882636500992,4648050876219392,124.61540835707277
4863110441598976,5220126729175040,86.97700845625813
5364174832009216,5287625281765376,90.19977827023745
6219316359856128,4790996132954112,89.35882720806042
4612863886884864,6570698040410112,111.46299834474219
6520940571656192,5865231890776064,64.1404708432983
6443496175042560,6416650628759552,97.0051545022222
5118434318745600,5846980615995392,88.02272433866155
4681908623507456,4927749414191104,93.05912099305473
6317991157301248,5574868596686848,49
4852451477815296,5369266549293056,93.14504817756014
6320049419714560,5113529566756864,96.26006440887103
5264551576600576,5299153640882176,50
5918907623800832,5576278923018240,60.207972893961475
4847102901354496,4515828126973952,96.42613753542138
6222242541207552,6405371595849728,100.00499987500625
5515050926211072,4829903767732224,90.24965373894794
5782590931861504,5063025037934592,68.8839603971781
6252992393117696,6037610185097216,54.120236510939236
6087080843149312,5481167694331904,41.43669871020132
4560207105490944,6709579813486592,70.26378868236469
5971700090929152,6505909075312640,50.60632371551998
4567741547675648,5856213315092480,81.05553651663777
5978503587561472,6679632231268352,50.80354318352215
6211804327837696,5249991771684864,66.12110101926616
6682607720857600,4784878165950464,118.59595271340417
5462851827269632,5345462833905664,114.75626344561765
5761469138337792,4858131517538304,130.00384609695206
5179322425933824,4708843172921344,83.2586331859946
5301207222452224,5511716878155776,91.92388155425118
5972582182420480,5222785397817344,78.64477096412705
5699386862469120,6147366446956544,82.07313811473277
6471598443855872,6100183228088320,82.3286098510111
4924371376275456,6070716803842048,90.00555538409837
5697853643030528,5514670406369280,121.07848694132248
5943325725032448,5015995506753536,75.16648189186454
5142670672396288,6137942214967296,80.22468448052632
5545865018081280,4903769873580032,59.00847396772772
5713978871250944,5061414991429632,72.69112738154499
4653556302872576,5192481719189504,67.54257916307313
5634175535153152,6753450320723968,167.86303941010956
4661953098153984,4710464623738880,75.66372975210778
5621769924771840,4709401967460352,96.79876032264049
5300080397516800,5257062978158592,111.01801655587259
6094788279402496,6150248940437504,101.04454463255303
5616452218388480,5021503466766336,78.08969202141856
5802683325743104,4819984679174144,44.27188724235731
5507309281214464,5198745228541952,83.6301381082203
6199543643242496,5290400749191168,70.09279563550022
6571765671133184,5663425000636416,109.85900054160332
6524948313014272,4704434066030592,106.06601717798213
6265430488383488,5995633997512704,67.60177512462228
6401641362227200,6015870436376576,68.6804193347711
5319928699682816,5855313523638272,83.2946576918352
4960249855344640,5098413714571264,52.03844732503075
6096092074606592,6710980295786496,77
5043568508928000,6573499567046656,60.03332407921454
5848926131322880,5525088533217280,96.56603957913983
5495876027940864,5025736576466944,69.1158447825099
4971580796960768,4780310703112192,74.73285756613352
5957870107492352,5069914329055232,47.07440918375928
5245359829811200,5733590790832128,76.96752561957543
6112030631133184,4552720675504128,52.46903848937962
6021078793060352,5845551075557376,56.85068161420758
6173509262770176,6440217063981056,87.46427842267951
5096881518542848,5211163400863744,130.86252328302402
6261283429023744,5226545343889408,75.39230729988306
6155079956561920,5419335453507584,138.2316895650198
5951113587064832,4524612161372160,83.38465086573187
5482348072140800,5729665442381824,66.94027188471824
5736655551987712,6217691792670720,82.22530024268686
6587074243198976,4904718692253696,112.0044641967453
6550483453870080,4614617911263232,77
5002832438624256,4511381346844672,107.07940978544848
6196414705041408,4660613940772864,147.36349615830918
4703616109641728,6703576007049216,75
5787061590163456,5442360316002304,105.3612832116238
4726564308647936,5772463482863616,49.01020301937138
6356208745185280,5454108213379072,80.80222769206304
6010657520484352,4624452434264064,169.77926846349644
5454899657572352,4944436402323456,68.76772498781678
4626066045927424,5530585302827008,61.00819617067857
4838317289897984,5473397158969344,64.53681120105021
6426487865475072,6701046518775808,74.33034373659252
6032352826359808,6366943529402368,90.4267659490264
5308722945458176,5225299547521024,109.40292500660117
5989860466753536,5453817812353024,87.64131445842195
6424642371715072,4904937857220608,95.12623192369179
5092702217568256,5076729032867840,82.22530024268686
5543122396250112,5099122656804864,110.42191811411355
6330883990618112,4508071537672192,44.01136216933077
5333761900150784,5196985432801280,58.52349955359813
5840780293832704,5372818000707584,84.50443775329198
6400537220087808,4558764768231424,127.12198865656563
4728873939894272,6521243903721472,67.62396025078685
5724598672818176,5252235149705216,70.51950084905593
5632198088589312,6656712478031872,127.01574705523721
5605618922553344,5896856527699968,53.665631459994955
6554333141270528,5439181251674112,97.082439194738
5654914707488768,5871480514543616,82.09750300709517
4559777856225280,6091745160855552,72.3394774656273
5062941999104000,6129542550781952,59.20304046246274
5920852153466880,4993266892144640,143.78456106272327
4734759370489856,5554180326424576,49.76946855251722
4886971988049920,4785634247966720,78.64477096412705
6035607656595456,4949269112946688,145.46477236774544
4628596708605952,4786455274586112,125.25573839150046
6490216791539712,4819323904327680,120.60265337047937
4991122025742336,4958919233372160,136.34148304899725
5951025338908672,5547108746657792,106.89246933250256
6168285374578688,4539271132217344,70.2353187506115
5642597999575040,5330094350401536,83.35466393669883
5189222157778944,5400215697752064,56
6003131982807040,4839667167920128,90.27181176868004
5204108732530688,5130523565359104,125.31959144523253
5928489595174912,5862097088937984,106.3296760081587
6187876679155712,6667725659176960,44.10215414239989
5084895980290048,6181886730698752,87.28115489611719
4839973469552640,5653645276217344,102.57680049601859
6735066568851456,5013595093991424,65.39113089708727
5100158746361856,5328224932331520,82.22530024268686
5179940599234560,5419901416112128,84.38009243891595
6203677108862976,6148299075616768,177.89041570584965
6068039776731136,6661801942974464,66.2117814289874
5075262767104000,5168019900727296,52.20153254455275
5929747320143872,5499968997556224,87.13208364316786
4957767666237440,5314078786453504,160.11246047700348
6455826854182912,6567950871953408,70.178344238091
5156938096574464,5026181092999168,54.45181356024793
5152755251412992,5408243964706816,48.16637831516918
6338469892718592,4835056856072192,80.77747210701756
4887528672854016,4699002324910080,89.27485648266257
5451781930745856,6470865950605312,69.00724599634447
6697387697373184,6237607254032384,85.16454661418682
4531416308121600,5108781132283904,51.088159097779204
5448293028986880,5032537237749760,89.62700485902673
6252721881481216,4842639960571904,50.695167422546305
5872720501800960,5876828034039808,93.14504817756014
6478663329513472,6300449336459264,97.082439194738
4779210168074240,6709730539995136,62.369864518050704
5364152417648640,6152687261319168,98.3107318658548
5953016110776320,5826723033645056,73.06161783043132
5745501708222464,5324361680551936,64.4980619863884
5082995524370432,6087525359681536,85.44588931013593
5581828272422912,5370244241555456,53.600373133029585
6650304919502848,5998784771260416,49.9799959983992
5369494450995200,5218119423361024,93.00537618869137
4975561527001088,4912237015728128,36.61966684720111
5969960104886272,4929390460796928,90.62008607367353
5391203396747264,5276146323161088,43.73785545725808
5035080936325120,5113152867926016,66.64833081180653
6625516213764096,4554680988336128,88.68483523128404
6157324865503232,6023430551896064,215.24404753674375
5848732690022400,6367693387071488,144.83784035948617
4845060354998272,4767880451194880,98.08669634563088
6619418652049408,5020906063659008,93.40770846134703
4983584710459392,6080247600513024,52.15361924162119
4743836653846528,5683279392931840,108.72442227944924
6451845855707136,5261076054671360,46.57252408878007
5822599693074432,4535048126595072,78.5175139698144
5412189194158080,5468465278222336,79
6485263435956224,4805958289063936,68.62215385719105
5143135548080128,6077651129204736,151.40013210033868
5445445729910784,6247572484128768,55
5715750083887104,5444601366183936,81
5115881518530560,6224033509015552,50.20956084253277
6359211300618240,6637294171717632,56
4596646648217600,4862205281435648,71.30918594402827
5724658634588160,4772923560689664,67.26812023536856
5502120646148096,6109405596614656,64.4437739428721
5613434903199744,6750069162246144,65.12296062065974
4758414708178944,4645984980172800,39.59797974644666
4525133374947328,6234317472661504,78.74642849044012
4646879222562816,4793930866491392,83.02409288875127
5682459746238464,6270479235022848,45.48626166217664
6368608617758720,6695327555911680,48.27007354458868
5097341319118848,6467911935852544,58.69412236331676
4530794175397888,6121926168674304,95.4148835350125
5567796681375744,5534020039344128,76.02631123499285
4583344194977792,6579970350514176,76.6550715869472
5891887900655616,4992639541706752,55.57877292636101
6662383726493696,5092900859805696,49.040799340956916
4969924940267520,5346753907785728,44.01136216933077
6053565082632192,5283364539990016,61.032778078668514
4675467149836288,4953743529345024,80.4114419718985
5385283522527232,5916496138076160,88.32326986700618
5638621015048192,6088571784003584,47
6649947917123584,5829145831407616,116.41735265844177
4946944344457216,6144397232046080,98.00510190801293
5153354739089408,6298028681986048,83.52843827104634
5511911959429120,5210218059268096,124.03628501370073
6292860397682688,6497275083751424,86.34813257969161
5522029832830976,6261073692852224,107.78218776773832
6688462147158016,5505015454105600,48.104053883222775
5730780946890752,6649707050827776,80.60397012554654
6135541865119744,5345138815533056,81.88406438373708
5289970468126720,5205073305010176,84.29116205154607
5080295546028032,5333741566164992,85
5640386443739136,6380646844858368,90.55385138137417
5110562167980032,5981924843585536,73.06161783043132
5794070439919616,4737223960297472,93.53608929178085
5803067876311040,5278473323020288,72.13875518748573
6363818034724864,4767539269730304,87.36704184073076
4765480902459392,6355058180489216,92.89241088485109
6430827929927680,5299649323728896,59.30430001273095
5270726191874048,5158787868524544,117.23907198540937
4778318257717248,5096762903625728,89.10667763978185
5576951056039936,5876327456440320,48.83646178829912
5373699358195712,5546112968556544,71.58910531638176
5980427074404352,6240131700752384,41.10960958218893
6575134586437632,5452265802432512,58.463663928973865
5120691324059648,6365078842507264,60
5321471113035776,6145547947737088,76.32168761236873
5707952587538432,6388659873906688,74
5467541193359360,4538900980695040,101.25709851659784
6433774294269952,6000813593853952,47.042533945356304
4858192553050112,6543017278177280,61.40032573203501
6216023197876224,5299183722430464,85.05292469985967
5262098546294784,6607744549257216,61.40032573203501
4977346509537280,5411836805513216,148.4048516727132
4964093108682752,5169495976968192,63.90618123468183
5977184206323712,4710464623738880,88.36288813749809
4736733851680768,5420867158802432,87.96590248499699
5038054794330112,4533178440089600,59.07622195096772
4848081717690368,5491937979138048,123.06502346320826
6602071434330112,5276802127757312,60.207972893961475
6448892176498688,6726682239041536,65.43699259593154
6289131124555776,4586727215726592,94.26027795418386
4699918331543552,5314466411446272,58.309518948453004
6604693658664960,5406352031612928,65.55150646628954
5410796970442752,6490228204240896,146.37281168304446
4812578624634880,6242473464561664,58.137767414994535
5282647414669312,4657818961444864,85.23496934944014
5089775662923776,6227853144227840,58.54912467321779
6381869400588288,6078139040006144,71.34423592694787
6053181337370624,6267160387125248,50
4617847726669824,5323800348459008,103.76897416858277
6521301969666048,4673003528912896,65.92419889539804
5337878815047680,4576159918456832,50.15974481593781
5921791744671744,4527397950980096,62.625873247404705
5164871354155008,4888328325300224,61.29437168288782
6709625065832448,6180573573808128,69.42621983083913
6628533411512320,5135157566636032,70.83078426785913
6482319755968512,5936371132792832,65.60487786742691
4943365395185664,5735835649441792,99.12618221237011
6742502214205440,6750916747198464,70.34912934784623
5699389295165440,5676128071057408,74.2024258363566
5347840333185024,4549104212377600,131.67383946707105
4766969007964160,4548245248278528,65.29931086925804
4851027289309184,5230467970236416,78.71467461661771
4716188888203264,4577056660652032,75.8023746329889
4657467491352576,6238488494080000,88.23831367382311
5803889607573504,5363560685240320,66.49060083951716
5404580726702080,6017799581335552,74.96665925596525
6410029756317696,5203027558400000,125.29964086141668
5153684646264832,4705598157357056,90.47098982546837
5134533655527424,4657082206781440,94.26027795418386
6052415478431744,6394713043107840,70.09279563550022
6724453251678208,5325830358040576,71.47027354082255
5688975010299904,5280389201395712,55.036351623268054
4800991524290560,5253134274265088,74.65252842335616
6605257897410560,5038772188086272,176.63804799646084
4906972530868224,6597407716409344,105.68348972285122
5446952999190528,5215628891783168,63.50590523722971
5904478765056000,6622487624286208,73.10950690573696
6544530964742144,6287513343754240,65.11528238439882
6575551756107776,4703222369353728,91.35097153287424
6704090195165184,5954828616335360,106.89246933250256
5047579156938752,4574280937373696,179.4017837146554
6301163475435520,5721648500047872,86.97700845625813
6203819899748352,6641691496808448,73.824115301167
6015457351958528,6429002619158528,60.74537019394976
5027789705052160,6705944694095872,87.28115489611719
6013996052250624,5995206627295232,50
5510985974546432,4537629133504512,140.65560778013793
4834471066992640,4963986539806720,75.92759709091287
6449988500455424,4955036163506176,54.589376255824725
4604811544625152,6052073256779776,88.86506625215557
6421662335500288,4823095472816128,64.4980619863884
5428862160732160,5267271763099648,133.88054376943649
6493325609664512,5801362593939456,147.2582765076381
6366186054877184,6134960182263808,62.93647591023825
5728483000975360,4944434875596800,72.06247289678588
6029811631783936,4793122003353600,61.98386886924694
6083303872397312,6600278050603008,106.53168542738823
4968339023593472,4968073704505344,59.682493245507096
6523320117755904,5932253433561088,49.92995093127971
5940896631619584,6079184126345216,43.86342439892262
5727899422294016,6660767262703616,91
6196588001099776,4722965021196288,96
5004778931224576,5851963377844224,60.207972893961475
6642766547255296,5789444323934208,62
6704381695098880,5200092640313344,102.17631819555841
5227281154834432,5724013970063360,70.45565981523414
6444430309457920,5861871951282176,65.39113089708727
5420561398235136,4961111835148288,54.08326913195984
4608629955100672,5194823952760832,129.71121771072848
5750993633411072,4976914362007552,81.02468759581859
5975943262765056,5327630263910400,104
4881081943719936,5728836480139264,60.530983801686226
5536620453298176,6622794194354176,107.0420478129973
6568183639048192,5019012121493504,96.17692030835673
6484202797137920,4819919445164032,113.35784048754634
5004778931224576,5392483083091968,59.50630218724736
6076089048760320,6359917097123840,52.630789467763066
4900135479803904,4515222855352320,53.03772242470448
5880346803437568,6142652082814976,114.58621208504974
4619213077479424,6150944926466048,69.2314957226839
4808054333767680,6600094352670720,78.40918313565064
6739494227148800,6660369521049600,91.13725912051558
5597853047062528,5038932225949696,103.46980235798269
5065095241531392,6659086701559808,38.07886552931954
4668427497111552,5639349213331456,71.84705978674423
5899664039608320,6182225022287872,63.7808748764079
6228608056033280,4963456128122880,49.73932046178355
6725739246256128,4915913042165760,44.77722635447622
5450502718357504,5936082644369408,116.61903789690601
6696881876893696,5210894281736192,82.29216244576394
4507360452149248,5924238600962048,101.07917688624102
4582962911772672,6480261980094464,48.703182647543684
4941608753561600,4738688867106816,48.25971404805462
4677594580516864,4544627325534208,94.53041838477179
6213786392330240,6295816673165312,61.39218191268331
5804800979501056,6164807805829120,81.8413098624405
5351309446217728,5990733301415936,96.84007434941384
5963440914956288,5515389960192000,59.033888572581766
6556251678834688,6193684200554496,70.8590149522275
6030575280324608,6050301880565760,112.61438629233834
5249509930041344,5337022237507584,96.54014708917737
6373280787202048,6221401247711232,85.70297544426332
6340453446189056,6268073214476288,42.1070065428546
6424230138740736,5785221347672064,66.84309986827361
5128627098222592,5535451534327808,61.98386886924694
6121860246798336,4782655251939328,85
5164882901073920,4810122897391616,95.13148795220224
4571432640053248,4657685377056768,62.16912416947821
4685886836965376,6194532049747968,94.13288479590966
6584800024461312,5547072054886400,60.13318551349163
5107797396029440,5596838163906560,96.1041102138717
4900987657519104,6061228747128832,51.894122981316485
5416386253815808,4865567179669504,66.60330322138685
6260398208581632,5127234190835712,68.35202996254024
6355358077419520,5401675969855488,71.42128534267638
5220061952344064,6599819239882752,66.48308055437865
5908115864158208,4728976532570112,109.41663493271945
6397852513206272,5399511931289600,89.15716460273958
5841940203438080,5835993464700928,73.00684899377592
6457610343546880,5212400535994368,136.31214179228496
6440855005036544,6192730713620480,50
5267599791226880,6696988198305792,109.48059188732951
5153320345796608,6685278720753664,51.264022471905186
4614969582682112,6343804711862272,80.44874144447506
5307503493513216,5944767806439424,96.25487000666512
6507528332509184,6625520210935808,36.235341863986875
5331080615821312,6532811630575616,82.15229759416349
4637066182787072,5270223563259904,83
5929874101370880,5163678833836032,77.52418977325722
5779836213657600,5009670630539264,154.69001260585637
5424251878244352,5848674959622144,65
4813506153021440,5199030705455104,90.4267659490264
6222054003048448,5929874101370880,64.4980619863884
4894532560748544,4910950689800192,47.853944456021594
6196902150275072,4538805920989184,84.75848040166836
6605777919803392,6480674749939712,69.31810730249349
6545359910207488,5447501043728384,91.60785992479029
4523761321639936,6323885089751040,44.28317965096906
6063757480427520,6712177866047488,73.7563556583431
6090340639440896,5410446918025216,90.44335243676011
6178394788069376,5548723054575616,62.12889826803627
5980804280745984,6664988276031488,51.07837115648854
4556544068812800,5841666780954624,76.05918747922567
5574347647352832,6218013713891328,95.13148795220224
5331374523285504,6420248217518080,160.89748288895012
6305307728805888,5312588684460032,45.880278987817846
5927095244947456,6068482561015808,99.92497185388645
5800194610298880,6494262365519872,81.15417426109393
5009114214170624,5153572238917632,74.43117626371358
6314757718016000,5576918638264320,87.69264507357501
6035518271782912,6266151887699968,67
6000740424220672,5600541444931584,55.036351623268054
5448794634190848,6083373179076608,85.32877591996736
4540727147102208,6019557917458432,55.97320787662612
5114952866070528,6727608291033088,96.54014708917737
5476611824549888,6270973022044160,73.66138744281159
5997866302570496,6054042935492608,86.05230967266364
4918573484998656,5315807045222400,81.49233092751734
5953919559663616,5400463983771648,113.25193155085701
5266121466839040,5327374210039808,93.86160024205851
4975482560839680,4556678953435136,98.41239759298622
4561467003109376,6353840175579136,81.49846624323675
6655653164613632,4590374112722944,52.630789467763066
4912311372349440,5146797330661376,97.83659846908007
5394932736983040,6571690190438400,79.17701686727027
4649598125604864,5858243697967104,49.64876634922564
4723606598713344,4985621414150144,60.63827174318213
5003943375536128,4731390086086656,134.8369385591352
4826729854009344,5637562372718592,65.12296062065974
4503850067165184,5971688627896320,100.41912168506553
5166034417876992,5562491776008192,95.1892851112981
5131811397042176,6082596863737856,91.58602513484249
5896521113403392,6339112325873664,80.15609770940699
5999911294205952,6691702867755008,110.65260954898443
6051331984850944,6389155544170496,105.60303025955268
6210939802091520,6000795487043584,71.19691004531025
4993904208248832,5853783470899200,76.10519036176179
4517362491457536,6597834897883136,42.43819034784589
5837607655178240,4809633975762944,117.15374513859982
5396641211219968,6061213194649600,46.010868281309364
5689975200808960,5045255713849344,66.49060083951716
6028041266397184,4649131698028544,61.71709649683789
6333562557038592,6199894991699968,94.19129471453293
5771436683689984,5605077299494912,89.02246907382428
5261962378215424,4818412062638080,78.91767862779544
5813206599598080,5938763429576704,213.243991709028
4516821707259904,5776391364673536,78.10249675906654
6527803778400256,5680266943135744,88.23264701911646
5441304307695616,4997827195305984,97
6186086415990784,6422398167416832,80.4114419718985
4880841412968448,5095288656101376,38.600518131237564
4680013435633664,6638937554550784,62.00806399170998
5065637011390464,5850261211840512,68.0294054067798
5218932057178112,6755096803147776,51.03920062069938
5713531766833152,6087530371874816,129.0348790056394
4541628280733696,4509540563288064,37.589892258425
6310872513249280,6575282930581504,73.38937252763509
5962289649811456,4991430374195200,98.2700361249552
6743319465951232,4721580166873088,72.27724399837061
6349458784649216,5671193409486848,54.3415126767741
4754257788010496,6088322759786496,67.00746227100382
5319717881380864,5948113787289600,130.24976007655445
5895170312634368,6540494282686464,71.17583859709698
5902390857302016,5112097161609216,63.387695966961914
5709826451570688,5500252012412928,95.75489543621255
6715257894469632,5167006124867584,94.86832980505137
5763020884017152,6654073803636736,110.57124400132251
5902380723863552,5126083957489664,119.23925528113634
5351360830636032,6523431954677760,66.09841147864296
5063159633149952,4506962693718016,83.43260753446461
5791078374440960,6118947487219712,72.20110802473879
4982650253082624,5252146884771840,85.0881895447306
5831250294079488,6695022558707712,137.2443077143821
6028958275469312,5974262907142144,46.61544808322666
6637375574769664,6668515954130944,78.08969202141856
6408058647347200,4935646198104064,82.38931969618392
5832475282505728,5319152283680768,102.96115772464877
5761008859611136,5368592423976960,60.207972893961475
5299523863707648,5971411032080384,119.57006314291216
5810468373397504,5291209863987200,101.17806086301516
6744345661145088,4868346124173312,71.25307010929424
4950169713901568,6409073333370880,67.60177512462228
5347882074898432,5621363295387648,86.37708029332781
6275673112969216,6423686611468288,88.0056816347672
6065165202096128,4596576834027520,136.36715146984628
4983868799057920,4595283432308736,74.63243262818116
5967381044133888,5113385098149888,116.18089343777659
4546224000598016,4512817824661504,57.271284253105414
5312021434204160,6250139612086272,89.88882021697692
6258584243404800,6706284923453440,99.35793878699377
6359338169925632,5573459516063744,51.66236541235796
5579099609235456,6303547316502528,74.21590126111789
5530043918843904,6528762109755392,89.20201791439474
5793648258056192,5528771501228032,106.66770832824712
6249193108668416,6449130329079808,98.18350166906862
5354006014590976,4768993753694208,70.83078426785913
6741307810643968,6366582114615296,75.0066663703967
5473842090737664,5782036679753728,42.37924020083418
6699223091249152,5423694140669952,104.546640309481
5503934443552768,5909645967228928,59
6463259446083584,5488954184826880,76.53757247260981
6745552869916672,5121445749325824,68.963758598266665
6028524051759104,4868029185785856,51.03920062069938
4908658842402816,6753497145933824,65.76473218982953
5825999969189888,6679694843838464,101.53324578678651
5662602837360640,5239364139352064,47.4236228055175
6101719752638464,5273206535487488,111.40017953306898
4638491872854016,6313489205297152,86.92525524840292
4805765648875520,5702522826129408,76.94153624668537
5975757085999104,4721541344395264,84.48076704197234
6710706491621376,5568649635037184,53.150729063673246
6417177588531200,6254284041617408,116.3872845288522
5476265542811648,6699259359395840,77
6610133872279552,5822130870550528,50.20956084253277
5425611235393536,6390218661822464,94
5140472722882560,5594430226563072,162.5945878558078
5423877813436416,5899525145231360,102.59142264341595
5039302822068224,4745697192574976,82.71033792700887
5207815842955264,6161830588186624,83.18653737234169
4987412314849280,4849758327799808,116.76472069936193
6245673450078208,6257164165316608,67
5114621562191872,6246480937484288,33.83784863137726
4758227642220544,6521364229914624,99.4786409235671
5453473833287680,5832411885600768,60.90155991434045
5517089223737344,6635979995611136,80.62257748298549
6496382636523520,5051498260070400,49.73932046178355
5536230068453376,4671533966426112,91.92388155425118
5993590259974144,6653525691990016,82.87339742040264
5395617750712320,4900378409697280,150.02999700059985
5510581391982592,5701998223556608,95.00526301210897
5454310743736320,6188709399494656,54.405882034941776
5626873184780288,6434110744559616,73.05477397131553
4579880635203584,5052833256701952,138.7515765676196
5655946170728448,6437302798647296,44.04543109109048
5550411043831808,4791611114389504,46.84015371452148
6309306897006592,6485045923545088,131.51805959639154
6694130497355776,5162587375271936,77
5971849273933824,5142757087641600,101.51847122568385
5981349401853952,6082649934266368,81.09870529176159
4565648589979648,5527813421531136,89.73850901368932
6494361707610112,4767646476140544,81.00617260431454
4982492060712960,6619342584152064,98.0612053770501
5385747165085696,5676026824753152,119.60351165413162
5242702050361344,5895447455465472,57.28001396647874
5999060907458560,4526519428841472,59.64059020499378
4872693839036416,4961051013545984,74.51845409024533
4604142305673216,5445474838380544,52.69724850502159
6596180752465920,4882514197872640,60.108235708594876
6457756972220416,5785212791291904,93.00537618869137
6252816433676288,4720998043615232,87.66413177577246
5013412989894656,4603486983421952,42.04759208325728
5785445784879104,5798729590243328,69.63476143421474
5915972017848320,5929882880049152,94.15412895885129
5046199159619584,4657455411757056,83.93449827097318
6230637360971776,5171795546079232,136.12494260788506
5136644833280000,5155555100327936,101.11874208078342
6729970741149696,4785341405855744,94
4592989026385920,6350757894815744,86.31338250816034
4623299201990656,6246520816926720,59.682493245507096
6089298120015872,4996281808191488,56.32051136131489
5791033512165376,5757784207392768,58
4743370125606912,6744414837800960,101.59724405711013
6482838608150528,5603688972288000,126.1269202034205
5724055309123584,4561000143519744,113.46365056704283
4633575750107136,5769397299838976,183.14202139323461
5869614825209856,6119556063952896,87.32124598286491
4974060251381760,4587481087344640,65.30696746902278
5800111919595520,6415137210630144,88.52683209061533
5491091438567424,5099784618639360,96.317184344228
6347365793398784,6744266036477952,102.00490184299969
4560191649480704,5142670672396288,91
4619772878651392,5231395112747008,41.773197148410844
6375699659096064,4767600036806656,53.33854141237835
5747328260505600,5613135916433408,105.39449701004318
6218143368216576,6699044946575360,136.444127759314
6035802859503616,6415679932596224,99.00505037623081
4663315273875456,5665496097619968,75.8946638440411
5175019707564032,4909254513262592,72.20110802473879
5234960740909056,5196571438219264,41.012193308819754
5556156565028864,5660712644902912,85.70297544426332
5971700090929152,5027564005359616,103.1746092796091
6323936813907968,6015697832378368,69.6419413859206
4782436477042688,5979544915804160,101.86265262597475
6583844864000000,5179747648667648,68.35202996254024
6566721034911744,5138225846812672,49.16299421312742
4945919726321664,5751376556589056,96.00520819205592
4698027606409216,5993814437134336,51.61395160225576
4931915683463168,5778755257630720,57.87054518492115
6752788358889472,6241836588859392,51
6644534144401408,6252645545148416,51.78802950489621
6361199501377536,4783818135306240,92.0869154657707
5559103063588864,4542434899918848,133.75350462698165
5488766464557056,5957162264166400,88.68483523128404
6580840807006208,4984036118233088,46.17358552246078
5891032195530752,4747146496573440,91.0659101969557
6182070319579136,6732264006221824,69.02897942168927
4824612837785600,6747499156996096,132.13629327327143
4812450211823616,6328036091756544,47.20169488482379
5568820548730880,5814743006707712,73.00684899377592
6177800237088768,6188259656859648,103.24727599312246
6354130283003904,6155314774671360,91.08786966440702
4934372677386240,4576758948954112,58.69412236331676
5512006767476736,5453679622619136,126.92123541787639
5206315355865088,5797551561244672,43.41658669218482
5820893466984448,6147845402918912,112.53888216967503
5187158677651456,5409797371330560,53.75872022286245
4611444488273920,5084910677131264,106.16967551989597
6069285787009024,4700012212649984,120.50311199301038
5346991036956672,5422078696095744,74.16872656315464
5496596861026304,6655653164613632,46.010868281309364
6600814082654208,5502169899859968,57.48912940721924
6507556149133312,6491167975800832,90.09439494219383
4604859598766080,5122027780308992,92.5418824100742
5474594230108160,4954189287391232,97.45255255764212
5274907594194944,6172811229921280,58.60034129593445
4974944695877632,5994272690012160,170.35551062410633
5581499023753216,5010760361050112,46.57252408878007
5553573326749696,6451250113544192,86.33075929238663
4926218950410240,4961181842276352,50.53711507397311
4888157063479296,5517663994380288,55.02726596879042
4601691150221312,5539496252669952,153.55129436120035
6410167329488896,5605204940554240,60.728905802755904
5627962814627840,4656299981668352,67.60177512462228
4729370595819520,5974713677381632,60.53924347066124
6664505624887296,5763260240363520,52.23983154643591
5005941093171200,4746333971808256,177.72169254201918
5554032238133248,5237385350610944,87.8179936004006
5956928821788672,6380657745854464,59.135437767890075
6220208337321984,5074423855972352,146.2942240828393
5003758272512000,5598233889865728,55.44366510251645
5149793670135808,6493478420742144,38.3275357934736
6351005023207424,5916437887582208,80.60397012554654
5724824963907584,5061896543666176,58.137767414994535
5445624239489024,4893749245116416,61.1310068623117
5655946170728448,4543708655517696,112.27199116431488
5132080134488064,4534861194854400,51.85556864985669
5852011499094016,4636533854306304,75.66372975210778
4997622190309376,6553326705442816,66.03786792439622
6659680233324544,4858868259618816,115.03912377969506
5450875726200832,5507841005715456,51.0098029794274
5383634104090624,6734294330376192,49.040799340956916
5600990336122880,6718263499161600,102.88342918079665
6129981123985408,6441641265070080,105.11898020814318
6263124292272128,5277223877607424,74.95331880577403
4690069866676224,6669956743692288,55
4709487464153088,6199701516845056,73.24616030891995
5633343473319936,5212136043184128,58.855755878248644
6092460881084416,4633233255825408,69.05070600652827
4777610208870400,5066233420447744,107.8702924812944
5027515699560448,4745846195224576,101.83319694480774
5503635104464896,5444659113361408,80.05623023850174
5769634710028288,6310689155055616,59.07622195096772
4735282991595520,5050955735236608,122.80065146407001
6669238930505728,5637303110205440,40.311288741492746
5441522260508672,4953869945667584,60.74537019394976
5431218654937088,4756797053206528,85.0235261559999
4915700722302976,4721317414699008,68.963758598266665
5256022241312768,4933682575966208,66.75327707311455
4949715923763200,6725587915767808,67.60177512462228
5180646773227520,6374403136815104,84.17244204607586
5385025207926784,6625316871077888,71
6273080173264896,6592780023365632,121.33424908079334
4783145398304768,4655781532139520,82.87339742040264
5202217856401408,5626180503863296,62.24146527838174
5870694887849984,5725172839481344,63.28506932918696
4617909282275328,5964621846413312,63.245553203367585
5831625235496960,5272443356708864,62.48199740725323
6156192487309312,5777147077591040,74.02702209328699
6605810887032832,6108480299597824,76.68767828015137
4623990825943040,6476465312890880,115.91807451816995
4634363977269248,6619211977719808,51.85556864985669
5233791838715904,6176442427637760,74.96665925596525
5146960283566080,6522837001043968,133.9589489358587
6635259833614336,4808935888388096,62.39390995922599
5736804449779712,4776178428674048,121.27654348636426
4762175086264320,6480363549360128,99.31767214348109
6724684362022912,4765468453765120,131.55227098001768
5666476159664128,5483178259120128,78.29431652425353
6349458784649216,6562119661125632,127
5044161768062976,5585731072294912,96.04165762834376
5084426197270528,4693939095339008,88.02272433866155
6537989213650944,5970894058946560,63.150613615387776
5319941936906240,6509411872800768,144.25671561490648
4906872786124800,6247373485375488,58.180752831155424
5887797648949248,4667730236014592,130.64838307457157
6210786957459456,5167137821818880,89.05054744357274
6095087182282752,5780554362388480,87.31551981177229
5078400593035264,6034154867130368,89.87213138676528
5449814420488192,5335079112933376,76.00657866263946
4602253522501632,6647266565685248,84.38009243891595
5405436473769984,4714023016726528,92.41753080449618
6004498742902784,5096024504795136,75.58438992278762
6731182844674048,4621892465983488,53.23532661682466
5800241234182144,5947896237129728,90.55385138137417
5833048543199232,6180375170646016,108.77959367454909
5556962743812096,6215045421727744,48.38388161361178
5225258762108928,5496761902694400,89.47066558375433
6676286921506816,6664026182385664,81.39410298049853
6521876207632384,5088075866701824,77.1621668954417
4715601673060352,6749852648079360,59.413803110051795
5256331541872640,6059008286785536,94.57801012920498
6716786382733312,4699959301505024,57.55866572463264
5632742962233344,6091031462281216,43.41658669218482
5466800575741952,4520700146614272,86.53323061113575
6070790401294336,4910308143398912,146.27713423498562
5504418164244480,6205449571401728,57.584720195551874
5005356252004352,5842480442376192,63.90618123468183
5799757177946112,6179933594320896,94.11163583744573
6389097159458816,5450856382070784,89.31965069345043
4557237236269056,6021408297582592,62.81719509815764
4663091264487424,4865567179669504,58.54912467321779
4918148467785728,4559749787942912,42.05948168962618
4987144667922432,4936279772889088,137.43725841270262
4546022841778176,5316798742265856,113.52973178863765
5348613444075520,6376401097719808,135.02962637880623
6172824551030784,5034379040522240,57.30619512757761
5410128566157312,5818596519313408,51.42956348249516
5440115524501504,6622749285941248,64
6205152178470912,5272444967321600,89.62700485902673
4589834460987392,5997990860816384,54.378304497290095
4701068573278208,5460860216541184,104.6900186264192
5007035873624064,5183785098280960,43.46262762420146
5181963897929728,4845966949613568,75.23961722390672
4854388172521472,4703626024976384,81.8413098624405
5265325442465792,6498268563374080,53.2634959423431
6065710293843968,6635995984297984,42.01190307520001
6070300305260544,6513073940594688,43.41658669218482
5519401849716736,6005441668579328,63.694583757176716
5990840876924928,5445993774448640,63.245553203367585
6622749285941248,6107410517196800,64.28841264178172
6319371968315392,6275710639407104,77.02596964660685
4715336605630464,5493445999198208,61.220911460055866
5050948827217920,4726479160082432,86.97700845625813
6529116645883904,5982100048052224,58.137767414994535
5879343123267584,5948026981974016,59.841457201508724
6082169267027968,6037561245958144,70.11419257183242
5721528190631936,5181318612647936,55.60575509783138
6171205797150720,5690588856844288,126.4792473095883
5072598662643712,6059429206163456,44.40720662234904
5249380007280640,5008198463389696,84.75848040166836
5887043265626112,6288342528294912,86.00581375697809
6252227721166848,5649938018992128,37.73592452822641
5163766138273792,5140526338670592,45.044422518220834
4896302502510592,4610546701697024,112.04017136723775
6374584712429568,5740923591852032,62.96824596572466
6446931070943232,5702578417434624,62.625873247404705
6337818483752960,5560407106256896,91.13725912051558
6574811037827072,6314048641564672,75.7099729229908
6665056857096192,6167896474517504,88.60022573334675
5814306983641088,5917243860844544,58.25804665451803
5992557458751488,6071868236759040,112.53888216967503
6096826375602176,6197093041438720,67.35725647619564
5965017570607104,6267551946375168,79.07591289387686
6586673603280896,4977606015320064,85.47514258543241
6163443281297408,6577244673671168,97.67292357659824
5031131726479360,5396395664080896,50.92150822589606
5398329552797696,6023891019366400,71.55417527999327
5324995368583168,5577117750263808,43.9089968002003
4611547500380160,6491282832621568,106.06601717798213
6665713051762688,4785937747804160,48
5490494551359488,4616039767736320,61.84658438426491
6046696595259392,5523333758058496,57.28001396647874
5715981408141312,5282921231417344,56.36488268416781
5337029212635136,5616166099746816,89.8443097808648
5091353597837312,6446790784057344,84.77027781009096
6735895904387072,6295444323827712,68.26419266350405
5460067006545920,6560776531738624,81.05553651663777
4986560288129024,6359593452044288,39.698866482558415
6747965970448384,4818487245537280,82.02438661763951
5401219717660672,4979748767793152,125.80143083447024
6535516080046080,6453948762292224,61.032778078668514
4730269657464832,6323943881310208,58.66856057549052
5997605282643968,5653587227049984,84.92938243034621
5578498615803904,6281041130029056,84.2140130857092
5381483197890560,6751667875741696,140.1748907615055
5271528075689984,4766367376998400,131.59407281484982
6536312800673792,4605258523213824,115.95257651298655
6343735593926656,4719240999337984,66.49060083951716
5194545853628416,5924523545198592,71.386273190299
5800190919311360,6620342694969344,96.1041102138717
5507783438893056,4553331164839936,136.94524453225822
6351134543314944,5719808781844480,50.99019513592785
5358837886353408,6055724213862400,128.39003076563228
4908134852198400,6197487662530560,58
6298674441224192,6648777257517056,42.5440947723653
6203699992985600,6152777065562112,90.47098982546837
6059291586854912,4928222749786112,237.89913829183996
4687359322882048,5906937151488000,137.13132391981054
6295836239593472,6630125871300608,71.17583859709698
4517362621480960,5042934854451200,59.36328831862332
6629282950414336,5418786196815872,63.953107821277925
5374440328134656,6139757308411904,97.9081201943945
6066047096455168,5388540215033856,82.05485969764375
4755667443253248,5740143199649792,105.30432089900205
5552823200645120,6287579563425792,105.72133181151285
5699313663475712,5351489029537792,124.77980605851253
6676235130241024,6447529585541120,68.46897107449476
5113431151607808,6119556097507328,69.3757882838098
6525134154235904,5759079358136320,101.53324578678651
6496140927172608,5362287919497216,69.65629906907199
5447833446514688,6023360590905344,40.162171256046406
5892546171502592,5862521044992000,111.89280584559492
5513418591174656,5334131586105344,43.04648650006177
4586634622271488,5188001430765568,101.21264743103995
5931527181434880,6639160792186880,78
6630089833840640,5591100620275712,130.26895255585654
5271134498979840,6673878401155072,62.81719509815764
5285202983124992,5757334179545088,38.01315561749642
6015429833129984,4799295620382720,155.54420593516173
6550917782437888,4754254763917312,54.56189146281496
6424581386534912,5784718521925632,130.080744155313
5759806335877120,6017262240661504,72.17340230306452
5102084418437120,5285889846542336,63.13477647065839
4628727684136960,5864478916739072,67.11929677819934
5661652676509696,6127261939924992,68.60029154456998
4978208585809920,5315426605072384,80
5911595710414848,5683208072986624,81.61494961096282
4939480467243008,5228545250951168,44.91102314577124
5096115005292544,5094541667336192,64.38167441127949
5847101273538560,4609442224013312,63.953107821277925
5257470211522560,5541119683198976,80.15609770940699
6328952081612800,6116619099045888,74.21590126111789
5088702978064384,4701707617435648,82
5354571536793600,4885190767804416,55.57877292636101
4984547957538816,5785983284936704,133.9589489358587
4888417198407680,5494454431514624,48.662100242385755
6051487341871104,6524714438623232,127.1416532848303
5821163768905728,5425306796032000,99.72462083156798
6138227045957632,5161903531753472,60.40695324215582
5161304719360000,5931553215479808,68.8839603971781
6132067660201984,6254758098632704,59.36328831862332
4820650076143616,4993791331139584,139.91783303067555
5767588749508608,5715395497426944,55.02726596879042
5037715898761216,4681917720952832,66.18912297349165
5818551149527040,6233893009096704,58.9406481131655
5032575825346560,4685880428068864,89.67719888578144
6325222070288384,6021483258183680,44
6580840807006208,5813434820067328,102.12247548899312
5683774958338048,6349629610262528,65
6578076974579712,5099913480241152,54.230987451824994
6414642748325888,5476282924007424,54.56189146281496
5091015499186176,5399237451841536,113.6001760562016
6521301969666048,5517496339660800,78.10249675906654
5538028850249728,4697555977895936,57.97413216254298
5412038538952704,4510215732985856,54.67174773134658
4921783356489728,5094478723416064,54.378304497290095
4531304018214912,4987765911453696,73.10950690573696
4679865292816384,6743867560820736,98.49365461794989
4640321898020864,6082687108382720,70.00714249274856
5602624504070144,5415215606792192,71
5534020706238464,5549002609131520,119.61605243444544
5663640789188608,5831313779064832,108.90362712049586
6737441723514880,6393129525575680,57.271284253105414
5759430794674176,6638164594655232,112.80514172678478
6527195323301888,5120274443796480,58.855755878248644
4957963653480448,6098298546946048,93.55746896961247
5396237287161856,4889393468801024,52.392747589718944
5845283428630528,6305609181822976,96.38464608017192
4555919398535168,5652068687675392,102.61578825892242
5286365711302656,5773206377988096,68.4470598345904
5923269330862080,5412693047508992,83.05419917138447
4890407592787968,5111786682449920,85.32877591996736
5523283740983296,5010006493626368,79.63039620647382
5652068687675392,5978175370690560,114.23221962301179
6628246521118720,6593840678961152,39.11521443121589
5607313287151616,5445671198916608,63.8200595424354
6163738023428096,5830958135640064,123.06502346320826
5203045732319232,6397000469708800,51.97114584074513
5604015020703744,6375392468271104,64.19501538281614
5961956651433984,4628944399630336,35.014282800023196
6737678848491520,5229422766456832,144.89996549343965
6222660767842304,5386518493396992,86.68333173107735
6115825012441088,4913531159838720,55.731499172371095
5943902336974848,6606872280825856,81.00617260431454
5778372552556544,6249286373212160,50.44799302251776
5150911385042944,4775792821141504,86.57944328765345
6114026260004864,6435252031455232,87.36704184073076
5562364336275456,5328183878483968,73.87827826905551
5715915205246976,5755087571910656,89.94442728707543
5335083055579136,5524925777444864,94.62557793746889
5125940227080192,5690919066009600,46.61544808322666
5937608448278528,5302708414185472,103.58088626768937
5307746511486976,5718025963569152,66
6663696329736192,6207699882606592,57.245087125446844
5121970486116352,5994643047055360,77.46612162745726
5997092487036928,5287322956333056,42
5426412557172736,6557402193199104,62.625873247404705
4961675629297664,6139062345793536,54.20332093147061
4673101524631552,5138658095005696,126.57013865837392
5215507546374144,5141138052743168,80
5036204619726848,5543562932387840,71.02816342831905
5638621686136832,5836889988792320,96.00520819205592
5516834595930112,6717931780046848,101.83319694480774
5815482915487744,5719851609882624,53.85164807134504
5027058067439616,5249296117006336,61.5223536610881
4975482560839680,6141386292199424,126.25371281669304
5261324240027648,5474618154418176,76.10519036176179
6647414624616448,6198788966318080,97.73944955850733
6185301829484544,5111693904445440,46.87216658103186
6170691021832192,5542355962691584,90.13878188659973
6138616138956800,6682603895652352,147.05441169852742
4891248500408320,5345833107062784,80.30566605165541
5138048025100288,5582374404358144,98.02040603874276
4756973629210624,6605387954388992,71.50524456289902
6596943390179328,5914822556254208,97.73944955850733
5696397598785536,5926705006903296,91.2633551870629
4659673963692032,5440328716779520,77.4919350642375
5495807916638208,6449988500455424,86.14522621712709
4920720452747264,6717758018420736,77.79460135510689
4897538815557632,5253467134230528,78.81624198095213
4532398647672832,4849942390636544,114.93476410555685
4585608041201664,4865196520636416,69
6417039893725184,6634531383672832,67.68308503607086
5122880952074240,6532674556526592,115.83177456984762
6045986751250432,4901324011339776,52.392747589718944
5043057395236864,6418331789688832,60.207972893961475
4664439015997440,6446784475824128,53.600373133029585
5068059217756160,4930982908002304,48.25971404805462
5838893628784640,4934191764471808,85.5102333057278
6516319925043200,5203036852977664,60.21627686929839
6435417589022720,6731519949275136,98.47842403288143
5632009177137152,5592989466361856,96
5241726740463616,5723370698047488,120.03749414245534
6709604593434624,5689431820337152,57.48912940721924
5620796376481792,5277486273265664,102.77159140540736
6488090531069952,6381123552673792,106.25441167311595
4579928756453376,6427649066926080,59
6401721544736768,6249463075045376,82
5521734348308480,5073301443444736,110
6394325137096704,6476465312890880,136.79546776117988
5966492992536576,4506543233957888,48.79549159502341
6101047963549696,6243424229392384,101.13851887386922
6262929039032320,6250099413876736,61.26989472816156
5635129655427072,4599202959065088,51
4993170305712128,5859781526945792,48.041648597857254
5545113201672192,6669173096710144,103.58571330062848
4804037713068032,5772493883179008,56.08029957123981
6607219468533760,5164633134465024,112.89375536317321
5409461151727616,6347017548726272,79.1580697086532
5413968870899712,5527111584448512,148.4082207965583
5670944246857728,6561282935226368,68.5054742338158
5039907921723392,6398023775027200,98.00510190801293
5929818354876416,6461314081751040,98.18350166906862
5656719470362624,6287702959849472,128.7245120402482
5438041109823488,6536026514259968,57.48912940721924
5092281994444800,5674559757877248,100.4987562112089
5484841455845376,5765089812545536,100.34440691936945
6301349211799552,5244958065819648,95
5590394282704896,6549869864943616,67.67569726275453
5693162536304640,4799876749590528,60
4895873928527872,4795952860758016,48.30113870293329
6310960090316800,4812865028489216,82.02438661763951
5489232837607424,5389583678177280,88.41379982785493
5117544706867200,5258790997852160,68.15423684555495
6522435438379008,4580533134688256,81.27115109311545
5431688580562944,6120898497085440,79.7057087039567
6568935438680064,5329089781039104,55.60575509783138
5010439094140928,4967568513171456,46.010868281309364
4775375068463104,5438882684338176,97.25224933131366
5763871199461376,5934474938286080,76.4198926981712
5060064303906816,5364538142621696,79.51100552753688
5775409662656512,6543962271645696,70.51950084905593
6621241060360192,6063563099602944,138.2931668593933
4924827058044928,6017799581335552,40.36087214122113
6453312335380480,5533530878640128,43.73785545725808
6426237868179456,6682955063754752,53.03772242470448
6032584742010880,5053781102297088,127.7810627597063
5521194860150784,5343122898812928,60.41522986797286
5394423028383744,6531597195018240,71.7007670809734
5393607219478528,4741599592448000,170.95028517086482
6665870686289920,4716666334216192,45.45327270945405
6191961327271936,6013123620241408,68.41052550594829
5762534642548736,5149366471884800,97.65244492586962
5144148812234752,4668371071139840,59.43904440685432
6062228170080256,6113155354722304,42.42640687119285
4640244940931072,5569541763497984,79.1012010022604
6059643350548480,6639974923370496,154.74172029546526
5706124747603968,6515316450394112,84
6740851256459264,6446166470295552,77.6659513557904
4628981208842240,6198083165618176,83.00602387778854
6219449923272704,6747293149560832,101.95096860746347
5025736576466944,6130174049386496,56.08029957123981
4813920600588288,6531462167789568,54.589376255824725
5016314777174016,6332405667332096,40.01249804748511
5213949211443200,5667088892952576,124.90796611905904
4668489807691776,5595576383045632,86.28441342444185
6274956033785856,5576520917581824,74.02702209328699
6035494041288704,4678056927035392,62.07253821135398
5776494074789888,5441522260508672,142.89856542317
6145816366415872,5770180539973632,75.66372975210778
5345567506956288,5780883548143616,55.44366510251645
5802716074868736,4987144667922432,58.83026432033091
5367293871652864,6728423948943360,42.20189569201838
5109220288495616,6316590456897536,75.95393340703298
6079780170498048,5556694945890304,69.63476143421474
6309202911821824,5423390082990080,60.03332407921454
6105075464273920,6144020432551936,69.63476143421474
4804757757624320,5074694204030976,71.00704190430693
5626469155864576,6645635618963456,95.34149149242423
5426132134395904,4626326914859008,92.02173656261873
6411371073765376,6196085552840704,82.09750300709517
4764599901487104,4580708087496704,102.18121158021175
6435310181285888,4863692074123264,69.8927750200262
5772594131238912,5553169046175744,49.64876634922564
5593323265851392,5122375387447296,61.07372593840988
6353769556082688,4908310945857536,103.46980235798269
6463693556547584,6228817364385792,92.5418824100742
4711377165877248,4689305098256384,80.99382692526635
5405418446651392,6681722269728768,84.40379138403677
4961525657763840,5859575200743424,74.88658090739622
6431903483691008,5356884045332480,59.00847396772772
6300300350586880,6085725646749696,48.91829923454004
5222967044734976,6524977236934656,50.15974481593781
6021703253622784,6140858111885312,45.35416188179427
4778058483499008,4654426339934208,57.245087125446844
5161186003779584,5043934990434304,94.00531899844816
6155215734571008,5593132693454848,118.6086000254619
5074684540354560,5473275389935616,75.61084578286372
5790057782837248,5186714215645184,93.47726996441435
5185285941886976,6091483704721408,69.02897942168927
5841429270102016,6229229886767104,55.072679252057455
4799264360235008,4908658842402816,114.1402645870422
6371255676567552,6667362990292992,113.99122773266372
6078208313131008,6081840714612736,86.45229898620394
5154095717416960,6518103611539456,85.86617494683223
5670923392778240,6471442801623040,72.02777242147643
6647609072549888,6138298999242752,94.54099639838793
6562859519574016,6556401738448896,70.8590149522275
5915616240205824,6048698884685824,56.72741841473134
5050664449212416,5238358513025024,82.76472678623425
4970045883023360,5787950128300032,82.96987405076617
6099058936512512,6141071417409536,84.01190391843289
5190536887533568,5593014904815616,62.16912416947821
6742645927837696,6524969116762112,98.02040603874276
6574213047517184,4943801003016192,78.77182237323191
4850748120629248,6143539681427456,100.42410069301094
6451060849770496,6443584167346176,47.12748667179272
4812228719017984,6249533036036096,106.94391053257777
6748151727783936,5855365902106624,93.34345183246653
5043735563862016,5319886504984576,72.80109889280519
6132721329897472,4782630006423552,94.76286192385707
5596833780858880,6263462688718848,75
6716345079037952,4625365081260032,69.8927750200262
5732382835474432,4558993739481088,88.72992730753249
5871686240960512,4852305516036096,62.20128616033595
4939581193453568,5949998254522368,91.41115905621152
6419221770665984,4516871854358528,88.81441324469807
5350128577675264,5941778106548224,100.96038827183659
6128778851909632,6566990690910208,122.24974437601087
4530155450007552,4966791673544704,110.98198051936178
6615749965643776,5849601330380800,80.65358020571685
6019810536194048,6012119168319488,101.86756107809786
5427804571172864,5312484888018944,107.28000745712129
5527340824133632,5906549862039552,117.2006825918689
5467900221587456,6753441126809600,113
6408107624235008,4597372627714048,58.69412236331676
5730073514606592,6575539844284416,63.89053137985315
6365008432726016,6224388129030144,101.07423014794622
6266984373157888,5145836197511168,145.0551619212498
5843057847042048,5061467248263168,58.137767414994535
5190751891750912,5361899157848064,59.30430001273095
5284726057205760,4793156967071744,53.71219600798314
5969989481791488,4974605246660608,119.03780911962384
6404554608345088,4869222247170048,38.27531841800928
5883209902456832,6588785569562624,45.0111097397076
4817992485437440,4635338729324544,54.00925846556311
6081351511965696,5028669821026304,98.47842403288143
4907960541118464,5277093921292288,150.6154042586614
4964683045928960,4761566291427328,92.41753080449618
5323914936844288,5424570309804032,86.14522621712709
5025662941265920,6375574857580544,69.9714227381436
4887687855079424,6377585304928256,71.69379331573968
6570031796191232,4522978609987584,118.71394189394942
4561261800980480,4777900991578112,80.30566605165541
6221422470889472,5508368946954240,67
6055708942401536,5776811164172288,56.71860364994893
5992825692880896,6166085223055360,65.19202405202648
4641141834121216,5311984838901760,91.92388155425118
6347873560035328,5619897285476352,70.06425622241343
5747057396547584,4974600947499008,87.98295289429652
6264671768150016,6131237301256192,114.23659658795863
5876556041814016,6463681812496384,125.19584657647394
6412344051630080,6695137872707584,62.64982043070834
4662203615543296,5937947532591104,92.34717104492157
6344571044757504,4600709079105536,45.617978911828175
6059154881904640,6642442260447232,78.587530817554
4756205266272256,5034480509124608,66.12110101926616
4846531603595264,5852568716574720,84.09518416651456
6501042797674496,4972344411947008,78.5175139698144
5514537912500224,6019277117194240,110.20889256316842
6346805186920448,4602755043819520,73.78346698278686
6514426586857472,6439262792712192,104.7377677822093
4925259427872768,5863587807494144,47.042533945356304
5920337445257216,6474700483985408,40.496913462633174
6349193486532608,5431998862589952,54.120236510939236
5462981796167680,6691361958920192,43.41658669218482
4598494234935296,5676391121027072,98.03060746521976
4561303295229952,5068061352656896,66.48308055437865
6508932988141568,5404436392312832,80.22468448052632
5540367896150016,5102372336435200,66.30987860040162
5930701943734272,6598807640866816,154.30165261590687
6524349840359424,5391870962171904,84.01190391843289
6367663427158016,4556024579096576,54.08326913195984
5461672959410176,6349123072557056,89.31965069345043
4552216687935488,5753136096477184,51.03920062069938
5943200231456768,5739485901881344,120.33702672078948
5684868195287040,5897020084584448,67.26812023536856
4862099698221056,6124214207643648,93.47726996441435
6261687470522368,5085290962092032,83.2586331859946
6707449128026112,4981970876497920,44.94441010848846
5327058081153024,5819677924130816,95.77577981932593
5265848920965120,6240388006281216,67.42403132415029
4619373127925760,5221962882220032,62.93647591023825
6739468994215936,5542999821910016,99.46356116689167
4744779529191424,6253372095070208,125.03599481749245
5372075143331840,6694541539147776,125.89678312014172
5717330430525440,5491540946321408,95.0789145920377
6188427978473472,6294582377578496,73.06161783043132
6647414624616448,5109110334816256,93.47726996441435
5676690544001024,6110845635395584,84.71717653463199
4991624088125440,6064544663207936,68.42514157822401
6642400250298368,6703843381346304,100.04498987955368
4855288303714304,5997811411714048,108.67382389517726
6316352895713280,4572474299645952,69.85699678629192
4527564850724864,5872278573154304,48.79549159502341
4854981964333056,5639904467877888,128.57682528356344
6713121034993664,6614021912395776,56
6606748414640128,4617282221244416,101.78899744078434
5528782523858944,5104236163497984,58.309518948453004
4562190788984832,4962091234492416,53.600373133029585
6640481729511424,5151497161539584,47.38143096192854
4946340603756544,5314244314660864,120.07081243999309
6131057432723456,5490642727731200,85.60373823613078
6467755219877888,5530916015308800,171.283390905248
6377555303071744,6012313247154176,74.67261881037788
5284237760528384,4886283383996416,84.90583018850944
5377268425687040,5175564283412480,93.55746896961247
5873941010710528,4711670096068608,66.03786792439622
5460524269568000,6145755666448384,76.15773105863909
5044765865279488,6660889065291776,46.010868281309364
5222460054044672,4843649613430784,75.58438992278762
6586939220164608,6314562162786304,78.00640999302557
4859116944097280,6222225436835840,138.2316895650198
5047247752396800,6184249092734976,93.1933474020544
5030205456384000,5842865714364416,110.16805344563369
5426487677157376,4785456493363200,99.08077512817509
4569165367083008,4661550314946560,105.01904589168576
5286645018394624,5338918545260544,69.2314957226839
5790053789859840,5156723973160960,100.64790112068906
5519573359001600,6297550397112320,97.16480844420988
4891493502287872,6097118097833984,69.12307863514182
5135764377567232,6242364567846912,41.10960958218893
6299296653639680,6623232180355072,76.05918747922567
5130561079214080,5505384955510784,110.2905254316979
6589004864552960,5518179256238080,112.92918134831227
4529906492899328,6189670285180928,143.95138068111746
5779057666949120,5378925628751872,120.88010589009261
6464237138345984,5111102725685248,86.83317338436964
4568224228179968,5053499433811968,60.8276253029822
6416863451938816,4715054614183936,94.847245611035
6346095003172864,5425757767598080,68.9492567037528
5457897381167104,4553125992071168,52.630789467763066
5645825717829632,5794028580765696,101.27191120937731
6572845255622656,5179939894591488,88.20430828479978
5770282209902592,4672730530054144,64.41273166075166
6515897881591808,5448599963959296,58.83026432033091
5788990672207872,5776512160628736,93.7709976485267
5275263019515904,4977365916581888,74.33034373659252
5795470163050496,4533482153836544,98.95453501482385
4925869447446528,4735188749778944,128.00390619039717
5649874362040320,5211602594824192,84.09518416651456
6634509791395840,5756684968394752,70.77428911688199
4585764891394048,5495460305305600,62.96824596572466
5062171891335168,6496626799542272,105.26157893552613
5644345665388544,5288626978029568,100.40418317978589
4718368449888256,6494846296522752,44.721359549995796
5732462829240320,4871975774191616,78
4988117515763712,4994720671465472,53.823786563191554
4555238394560512,6605028854857728,76.05918747922567
5917958285033472,4831181856047104,63.0317380372777
5979162323976192,5236472888164352,39.20459156782532
4763437856980992,5367991233413120,59.07622195096772
4982435571826688,5623310995947520,54.12947441089743
6748268207800320,6676614731530240,89.05054744357274
6692949247131648,5905259408916480,70
4684926894997504,5429080964988928,109.83624174196785
6261585213390848,4738071767547904,80.00624975587844
4549719646797824,6588270106378240,54.230987451824994
5271775510265856,5755677664346112,53.009433122794285
6397130371497984,6340962181709824,60.440052945046304
5712606872469504,5546921512927232,73.16419889536138
5710993260806144,4823746533654528,111.07204868912791
4946456865669120,6503511208493056,92.47702417357513
4585155798761472,4736043230167040,92.26592003551474
6219622074286080,5129447604748288,43.41658669218482
5078937799491584,5555513678888960,118.53269591129698
4637688416174080,5271603342475264,73.348483283569
5277871847243776,6050562749497344,47.885279575251516
5405003416076288,4945250520924160,60.440052945046304
5641173949480960,5953720724488192,69.1158447825099
5619814506692608,4658318599520256,150.08331019803634
6362756997447680,6685374740955136,51.894122981316485
5159869399171072,5104611033612288,53.823786563191554
6527520008568832,4981104601726976,42.01190307520001
5957337447661568,6373497032933376,100.7670581092849
6093816543051776,5733216407257088,49.72926703662542
4609716028178432,5399879146799104,60
6397104836575232,6368189455794176,72.00694410957877
5540445155229696,5263554737340416,54.08326913195984
5553762796044288,4960505036800000,84.09518416651456
5719251644055552,5583944282013696,99.92497185388645
4507362377334784,5306018005254144,58.008620049092706
5514605310771200,6745905996759040,86.40023148117139
5110190833664000,5372875714330624,78.85429601486528
5962133151940608,5932689167220736,82.60750571225353
5802949416583168,5649171501547520,85.23496934944014
4597357867958272,6003384328912896,102.0196059588548
6203278331215872,6087146660167680,46.32493928760188
5037579965562880,4747029894922240,68.70953354520753
4587903034327040,6143897388449792,98.38699100999075
4960229433278464,5070375983513600,43.840620433565945
5341217078378496,4717157386551296,57.62811813689564
4843081532702720,6036964937564160,87.02298546935747
6009535057625088,4560191649480704,79.51100552753688
6387011818618880,5887028883357696,65.19202405202648
4640879186804736,5788230462996480,43.73785545725808
6315159431675904,5545293586104320,84.48076704197234
5973530397114368,5400725590900736,162.88953311984167
5928087214620672,6437039543156736,42.42640687119285
5234501632393216,6365858735587328,54.147945482723536
5887306177183744,5902215317291008,98.08159868191383
5292506646315008,6392206778695680,66.61080993352356
5511029318483968,5905903888891904,77.4919350642375
5326340532207616,5144461216579584,63.15853069855251
5646621008199680,6587806166024192,89.00561780022652
5458722832777216,4925431356588032,120.01666550941998
5949591478337536,4783903464226816,58.69412236331676
6099839462932480,6267925776302080,116.21101496846157
5931077120032768,5338530911879168,86.14522621712709
5697826065481728,4644271292416000,64.1248781675256
5194668633489408,6032447164645376,78.00640999302557
4767230648647680,6370894664433664,97.02061636580135
6460037000069120,5733997252444160,54.48853090330111
6753467668365312,5090329646596096,63.788713735268246
5173702243123200,6226008661295104,148.93287078412206
5376353803173888,5007035873624064,64.28841264178172
5105553426612224,6644201519316992,63.89053137985315
4596547998187520,6577419525816320,69.46221994724903
4874967139221504,4536697121406976,62.433965115151864
6191267690053632,6269303823269888,170.14405661086138
4679223295868928,5545433109626880,48.41487374764082
4655614468816896,5105130221338624,98.18350166906862
6269252573069312,6540766010671104,78.23042886243178
5327154617253888,6673665317928960,52.952809179494906
6522394418085888,4692261008834560,88
4892903539212288,5634538191454208,67.72001181334805
4968038220693504,5393287261192192,106.85036265731624
5395469893107712,4811747066118144,46.861498055439924
6096107220238336,5604187322712064,106.88779163215975
6109473313652736,4987349081522176,74.33034373659252
5804800979501056,5112849502306304,75.69015788066504
5061930018406400,5254472492122112,52.773099207835045
6064646198919168,5008805144297472,119.68291440301745
5586382032470016,5059549667000320,40.718546143004666
5215645014687744,5698718944722944,77.00649323271382
6719765328429056,6106351543517184,120.56948204251356
5379078288834560,4856776975450112,110.38568747804219
5458630558089216,5102224273309696,54.037024344425184
6244940235407360,5718003700203520,103.23759005323593
6148394051436544,6011497325002752,102.9271587094485
4852435203915776,5332865514471424,68.06614430096654
5305794503376896,6492545351680000,57.77542730261716
6083341235257344,5613721122504704,68.73136110975832
5278468340187136,5864783368683520,88.41379982785493
4540311420272640,4537497998589952,79.1580697086532
4800844593627136,6038189603028992,88.05679985100527
6125214112940032,6421369812156416,71.7007670809734
5534899865911296,6172824915935232,57.77542730261716
6066291121061888,4905141394210816,82.37718130647589
4819785500065792,4865847258513408,58.69412236331676
4558479421341696,4998256184524800,103.78824596263297
6055028194279424,5478941777199104,66.09841147864296
5397539534667776,6276620031623168,71.40028011149536
5814481265360896,6435130463748096,92.02716990106781
5779952563650560,5032050883035136,92.00543462209176
6220938485956608,6699774470258688,74.52516353554684
4978055862812672,5910051401236480,69.1158447825099
5508472244273152,5356497024319488,100.9752444909147
6249531454783488,6336904461025280,112.50777750893491
5221402133135360,5067576184930304,76.89603370785778
4618610821562368,5118679098327040,96.772930099279307
6499307291148288,4870079164448768,158.4455742518547
5520044597444608,6184985562185728,90.55385138137417
5781087139659776,6252929193345024,105.80170130957252
6294454266757120,5995951485353984,41
6384367058288640,6462401308262400,43.93176527297759
6630798927069184,6036764110094336,37.94733192202055
6452321523335168,4645154658975744,31.906112267087632
5590002958336000,4715796821442560,112.89818421923357
5224731269660672,6614717697097728,62.00806399170998
5842525724082176,5284865962409984,86.53323061113575
5387524337827840,6462720180224000,69
5546393169035264,5799872823296000,74.72616676907762
6464186085277696,5845903921381376,55.17245689653489
5284595182338048,5441369944358912,55.758407437802596
5470185966272512,6087206705823744,63.198101237299845
6674984141324288,5720257517846528,48.33218389437829
5976121155780608,6147793817174016,98.2700361249552
4863692074123264,4925958064701440,69.26037828369117
6331451781939200,6713952677396480,84.72307831990054
4950817599651840,4563839670550528,127.88275880665071
5819255457054720,6748897336623104,89.05054744357274
5893917742465024,5424914343395328,144.5856147754679
4960883396575232,6028207834791936,84.43340571124678
5576306303434752,5080129250263040,109.88175462741756
4623896013701120,4842992093364224,72.83543093852057
5212490063413248,5421883174420480,54.70831746635972
5330590591090688,4515368318009344,35.510561809129406
4557644184420352,4645117648437248,121.19818480488888
6726859507105792,6489330153422848,35.34119409414458
5077665700642816,4567002326761472,138.92443989449805
5215760794255360,5464469415133184,69.77105417004964
5520293453889536,5411723743854592,42.05948168962618
6186027074977792,5688463955329024,132.67252918370102
6504733663559680,5502185372647424,198.2145302443794
5645366592536576,5666530148745216,53.150729063673246
6208870965837824,4993412300275712,73.79024325749306
4598040092475392,6691348633616384,110.22250223978767
6435485872291840,4642087133773824,77.64663547121665
5941845303492608,5731749394907136,94.04786015641186
6123560852520960,5212570996703232,147.46185947559457
5288514453241856,5810363767455744,59.53990258641679
5886010405683200,4551347288408064,77.25283166331187
4884286979178496,6738034257035264,45.044422518220834
5930019442393088,5534480401956864,71.58910531638176
5327444057784320,5952126142382080,62.289646009589745
5690839625891840,5157382038487040,77.52418977325722
5281523555106816,6552229207080960,70.9365914038728
5111488534544384,6305934995357696,78.02563681252464
6022804430389248,4756964892475392,65
4886192271130624,5930967438983168,85.56284240252891
6629282950414336,6172230281068544,82.80096617793781
6375224763219968,6647170801336320,75
5292258507096064,5711883304697856,61.204574992397426
6432109860225024,5234013599956992,87.98295289429652
4635215852994560,6199774594203648,48.041648597857254
5516482693824512,5864726510698496,68.8839603971781
4782021060591616,4688240848142336,104.21612159354233
5611456768770048,4978889774333952,84.0535543567314
6736925635379200,6051140607148032,127.47548783981962
5107594479796224,5113946933559296,83.24061508662703
4905690076282880,6095432725823488,133.88054376943649
5901426385485824,5291302591660032,40.607881008493905
6298955929354240,4660251523547136,90
6601420478349312,6366436941365248,127.88275880665071
4564700413034496,5371021043433472,88.76936408468859
6146445801422848,5276085086322688,96.51942809610924
5707040309641216,4775981057310720,49.39635614091387
5227281154834432,5728931976052736,125.01599897613104
6030117081972736,5583876720164864,98.50888284819801
5533704090812416,5218046622826496,65.30696746902278
5596609654030336,4979138181988352,106.89246933250256
5587067180417024,5120823713071104,54.817880294662984
6354007008215040,6031051988140032,79.02531240052139
4811079915929600,6242238315102208,116.21101496846157
5970103805935616,5350628291248128,74.81310045707235
6092991624118272,5056006365118464,105.54619841567009
6436607479513088,6689863984218112,46.486557196677836
6313382388957184,4672624149921792,55.17245689653489
5384223236030464,5444601366183936,70.21395872616783
6050336055754752,4555806907301888,60
5801420571803648,5785568791232512,80.89499366462674
5448051315441664,5911779626450944,110.13627921806692
4871569518100480,5664512214564864,83.86298349093002
5457068049825792,4897577738698752,70.22819946431775
4547273730031616,6510644767490048,69.6419413859206
4702498747056128,6513320163016704,144.3675863897433
