country_code1,country_code2,city1,city2,capital_dist_meters,centroid_dist_meters
AU,AU,Canberra,Canberra,0,0
BR,AU,Brasilia,Canberra,14072419.344316112,15992993.250886671
CA,AU,Ottawa,Canberra,16126745.321945135,14541710.924190732
CZ,AU,Prague,Canberra,16058504.99764818,14246370.713373277
FI,AU,Helsinki,Canberra,15233647.151848778,13426266.786084434
FR,AU,Paris,Canberra,16941417.525033403,15269701.68580345
DE,AU,Berlin,Canberra,16088327.160367865,14534386.265388748
HU,AU,Budapest,Canberra,15734116.834650466,13889491.421299927
IT,AU,Rome,Canberra,16235492.620549593,14458004.433030665
KR,AU,Soul,Canberra,8427911.2295002,6946456.875312087
NL,AU,Amsterdam,Canberra,16647757.544953516,14826163.87952234
PH,AU,Manila,Canberra,6302378.198138204,4459393.453476857
PL,AU,Warsaw,Canberra,15577798.16121478,13878129.486053169
RU,AU,Moscow,Canberra,14499717.610219393,9985563.5521149
SA,AU,Riyadh,Canberra,12642258.11225471,11164074.229802266
SE,AU,Stockholm,Canberra,15629777.805945037,14011347.515209863
TH,AU,Bangkok,Canberra,7486060.996079615,5852598.035863764
GB,AU,London,Canberra,17000539.851203874,15369769.582945516
US,AU,Washington,Canberra,15964545.953143777,14822193.890350845
BG,AU,Sofia,Canberra,15360115.843126632,13468829.719410546
IN,AU,Ni Dilli,Canberra,10364705.39844716,8030119.185420095
ID,AU,Jakarta,Canberra,5401876.780120862,2743169.6023220522
IE,AU,Dublin,Canberra,17259610.788205486,15655379.049808748
JP,AU,Tokyo,Canberra,7960909.829968293,6797814.447949647
NO,AU,Oslo,Canberra,15996935.558627073,14261343.883243727
RO,AU,Bucharest,Canberra,15166473.319789758,13501666.766654845
SK,AU,Bratislava,Canberra,15878737.217304228,13926203.726342468
TR,AU,Ankara,Canberra,14515482.728099639,12571089.448678102
UA,AU,Kiev,Canberra,14915129.274178095,13015203.306640223
AE,AU,Abu Dhabi,Canberra,11969737.728913767,10289101.603344126
VN,AU,Ha Noi,Canberra,7758504.613471347,5448646.098545735
HR,AU,Zagreb,Canberra,15970865.19485168,14238349.196714062
MY,AU,Kuala Lumpur,Canberra,6535011.338870425,3907999.522136072
TW,AU,Taipei,Canberra,7321648.404980176,5659670.947965838
NZ,AU,Wellington,Canberra,2327656.057742822,4037876.903303548
RS,AU,Belgrade,Canberra,15612049.571532307,13800167.93810345
AU,BR,Canberra,Brasilia,14072419.344316112,15992993.250886671
BR,BR,Brasilia,Brasilia,0,0
CA,BR,Ottawa,Brasilia,7367618.656912336,8595894.239422804
CZ,BR,Prague,Brasilia,9520061.542579021,9475341.801379513
FI,BR,Helsinki,Brasilia,10624068.707982438,10584211.169323845
FR,BR,Paris,Brasilia,8734265.59982376,8422414.49901869
DE,BR,Berlin,Brasilia,9600814.93289049,9262242.528249165
HU,BR,Budapest,Brasilia,9677033.23529267,9719929.40633711
IT,BR,Rome,Brasilia,8915197.213790575,9029838.574654259
KR,BR,Soul,Brasilia,17561573.977415115,17021382.263254393
NL,BR,Amsterdam,Brasilia,9123772.132600328,9025040.72810096
PH,BR,Manila,Brasilia,18836134.99142361,19569966.83328671
PL,BR,Warsaw,Brasilia,10039789.302935382,9890624.876487227
RU,BR,Moscow,Brasilia,11189818.189833995,14096451.125753947
SA,BR,Riyadh,Brasilia,11204129.27812165,11488327.241774699
SE,BR,Stockholm,Brasilia,10236251.267164012,9988093.769021347
TH,BR,Bangkok,Brasilia,16632329.668744698,17266044.638302233
GB,BR,London,Brasilia,8804316.742141254,8579126.437234227
US,BR,Washington,Brasilia,6800646.522622356,7136589.188863393
BG,BR,Sofia,Brasilia,9742314.42986319,9976396.164108247
IN,BR,Ni Dilli,Brasilia,14254535.581280211,14776055.599811956
ID,BR,Jakarta,Brasilia,16332391.519705974,18278065.54709186
IE,BR,Dublin,Brasilia,8661241.582548168,8304674.277904752
JP,BR,Tokyo,Brasilia,17695434.0105579,16858984.93431248
NO,BR,Oslo,Brasilia,9918991.738223458,9750341.860326923
RO,BR,Bucharest,Brasilia,10026003.077415781,10057778.840350462
SK,BR,Bratislava,Brasilia,9582936.584944678,9741701.266659888
TR,BR,Ankara,Brasilia,10376488.762768196,10710470.70587654
UA,BR,Kiev,Brasilia,10572296.153099408,10639946.44605097
AE,BR,Abu Dhabi,Brasilia,11955185.664576447,12391780.749805592
VN,BR,Ha Noi,Brasilia,17207601.607037436,18054899.191792857
HR,BR,Zagreb,Brasilia,9377297.343510354,9324530.11912336
MY,BR,Kuala Lumpur,Brasilia,16425743.798708623,18422753.345576126
TW,BR,Taipei,Brasilia,18525481.352891658,18422269.085384782
NZ,BR,Wellington,Brasilia,12313992.524393795,12394620.556512913
RS,BR,Belgrade,Brasilia,9639654.49939381,9694898.606954804
AU,CA,Canberra,Ottawa,16126745.321945135,14541710.924190732
BR,CA,Brasilia,Ottawa,7367618.656912336,8595894.239422804
CA,CA,Ottawa,Ottawa,0,0
CZ,CA,Prague,Ottawa,6341176.2564923465,6340916.145380511
FI,CA,Helsinki,Ottawa,6278559.18895497,5402334.769225952
FR,CA,Paris,Ottawa,5655020.756049053,6114383.191959756
DE,CA,Berlin,Ottawa,6134705.526409566,5998854.819208895
HU,CA,Budapest,Ottawa,6784465.978585636,6797217.462411346
IT,CA,Rome,Ottawa,6738615.407308775,6894978.252960403
KR,CA,Soul,Ottawa,10523889.527056307,8528487.029992623
NL,CA,Amsterdam,Ottawa,5638038.828472504,5712022.970197667
PH,CA,Manila,Ottawa,13145425.400699561,11232125.409221912
PL,CA,Warsaw,Ottawa,6583644.7893859055,6323480.6741442755
RU,CA,Moscow,Ottawa,7167377.748920529,6607610.852800052
SA,CA,Riyadh,Ottawa,10309111.674351918,9930532.586899295
SE,CA,Stockholm,Ottawa,6001398.239655475,5244781.260850499
TH,CA,Bangkok,Ottawa,13441887.743294235,11565318.71921851
GB,CA,London,Ottawa,5369072.947888857,5158588.861348806
US,CA,Washington,Ottawa,732676.7184236749,2252702.689371166
BG,CA,Sofia,Ottawa,7379727.173079942,7378095.4402374495
IN,CA,Ni Dilli,Ottawa,11353802.63257189,11109274.273630321
ID,CA,Jakarta,Ottawa,15662423.319519836,13200722.46169098
IE,CA,Dublin,Ottawa,4906874.972396517,5054020.366024829
JP,CA,Tokyo,Ottawa,10331429.97498997,8266582.962440761
NO,CA,Oslo,Ottawa,5605622.696463302,5073581.607275045
RO,CA,Bucharest,Ottawa,7420904.541147719,7083880.938369134
SK,CA,Bratislava,Ottawa,6624155.28174465,6619217.323927066
TR,CA,Ankara,Ottawa,8169765.949239652,8132542.968714719
UA,CA,Kiev,Ottawa,7225457.99725718,7029924.231756639
AE,CA,Abu Dhabi,Ottawa,10761267.566445997,10295221.496059548
VN,CA,Ha Noi,Ottawa,12638660.393521091,11290981.42647768
HR,CA,Zagreb,Ottawa,6706470.626957284,6789458.697199773
MY,CA,Kuala Lumpur,Ottawa,14623567.596358629,12651921.651977407
TW,CA,Taipei,Ottawa,12005500.399084719,10098806.074625345
NZ,CA,Wellington,Ottawa,14498959.621164048,13961052.16348044
RS,CA,Belgrade,Ottawa,7053742.667067952,7124916.247783504
AU,CZ,Canberra,Prague,16058504.99764818,14246370.713373277
BR,CZ,Brasilia,Prague,9520061.542579021,9475341.801379513
CA,CZ,Ottawa,Prague,6341176.2564923465,6340916.145380511
CZ,CZ,Prague,Prague,0,0
FI,CZ,Helsinki,Prague,1303832.8271919128,1715963.4209050308
FR,CZ,Paris,Prague,884067.697675773,1054838.3035052523
DE,CZ,Berlin,Prague,281271.1482710624,372650.2296361574
HU,CZ,Budapest,Prague,444965.0177504283,479827.12882756564
IT,CZ,Rome,Prague,923760.7503779773,787697.6960911666
KR,CZ,Soul,Prague,8259388.796388655,8328917.101849895
NL,CZ,Amsterdam,Prague,711595.7496156625,714405.8926390774
PH,CZ,Manila,Prague,9911535.566230513,10097696.547420448
PL,CZ,Warsaw,Prague,519790.10751428606,431226.1363201107
RU,CZ,Moscow,Prague,1669762.3195249923,5169486.971674894
SA,CZ,Riyadh,Prague,3967981.123507942,3777421.9153929544
SE,CZ,Stockholm,Prague,1055585.1376614128,1363663.7622176006
TH,CZ,Bangkok,Prague,8572877.030999448,8394383.831589134
GB,CZ,London,Prague,1033006.3302354107,1383718.9458626558
US,CZ,Washington,Prague,6904641.871652729,8139808.22851375
BG,CZ,Sofia,Prague,1066986.7511007297,1072736.5092625872
IN,CZ,Ni Dilli,Prague,5714693.266885061,6334213.767393936
ID,CZ,Jakarta,Prague,10717146.460755447,11519386.806982698
IE,CZ,Dublin,Prague,1466067.46088365,1631047.861975254
JP,CZ,Tokyo,Prague,9086349.091626998,8968509.065057915
NO,CZ,Oslo,Prague,1118782.1716173317,1397938.1042292195
RO,CZ,Bucharest,Prague,1080384.105854491,854446.97496297
SK,CZ,Bratislava,Prague,290439.4941314105,348712.00277484464
TR,CZ,Ankara,Prague,1829609.8539971057,1970610.360684048
UA,CZ,Kiev,Prague,1143622.376104132,1232347.3616671169
AE,CZ,Abu Dhabi,Prague,4457305.333249762,4421819.068075835
VN,CZ,Ha Noi,Prague,8337970.313412521,8852509.406733658
HR,CZ,Zagreb,Prague,490063.31480634684,511596.9302544977
MY,CZ,Kuala Lumpur,Prague,9554758.50899328,10343951.06614874
TW,CZ,Taipei,Prague,9031576.157447208,9073012.520916028
NZ,CZ,Wellington,Prague,18230723.155630164,18204195.931335993
RS,CZ,Belgrade,Prague,741306.0290969292,785687.041239966
AU,FI,Canberra,Helsinki,15233647.151848778,13426266.786084434
BR,FI,Brasilia,Helsinki,10624068.707982438,10584211.169323845
CA,FI,Ottawa,Helsinki,6278559.18895497,5402334.769225952
CZ,FI,Prague,Helsinki,1303832.8271919128,1715963.4209050308
FI,FI,Helsinki,Helsinki,0,0
FR,FI,Paris,Helsinki,1910982.6708230823,2490483.44249747
DE,FI,Berlin,Helsinki,1107586.8365782686,1658785.6011462673
HU,FI,Budapest,Helsinki,1459522.1311222867,1927838.5168515833
IT,FI,Rome,Helsinki,2204871.267730906,2501294.873424481
KR,FI,Soul,Helsinki,7066605.367572144,6889972.137635224
NL,FI,Amsterdam,Helsinki,1503599.1325111152,1730224.329489815
PH,FI,Manila,Helsinki,8939520.550304193,9009759.461157868
PL,FI,Warsaw,Helsinki,912957.3535989686,1380455.3503525374
RU,FI,Moscow,Helsinki,893754.4981131146,3672095.015229198
SA,FI,Riyadh,Helsinki,4297209.90267615,4556404.191842515
SE,FI,Stockholm,Helsinki,396253.6509206003,597884.6799709314
TH,FI,Bangkok,Helsinki,7898093.319874775,7742615.015973694
GB,FI,London,Helsinki,1820652.1520540137,2019577.9594534594
US,FI,Washington,Helsinki,6936458.96882288,7500843.575818088
BG,FI,Sofia,Helsinki,1949003.7750852052,2338578.2085966594
IN,FI,Ni Dilli,Helsinki,5227966.1413075505,6176389.760118958
ID,FI,Jakarta,Helsinki,10169436.04192749,10714058.58873479
IE,FI,Dublin,Helsinki,2026608.1581674537,2284744.0278623397
JP,FI,Tokyo,Helsinki,7832086.854392091,7425716.523997589
NO,FI,Oslo,Helsinki,787866.8629913243,836189.3845796838
RO,FI,Bucharest,Helsinki,1752767.162147173,2004707.8920643067
SK,FI,Bratislava,Helsinki,1428221.9293716776,1751226.039163464
TR,FI,Ankara,Helsinki,2319092.3031825186,2837931.5020218166
UA,FI,Kiev,Helsinki,1139469.028987461,1708186.4427649418
AE,FI,Abu Dhabi,Helsinki,4573266.526740832,4899632.652641766
VN,FI,Ha Noi,Helsinki,7499846.170113405,8007988.160377394
HR,FI,Zagreb,Helsinki,1705250.5820091765,2196479.7961842967
MY,FI,Kuala Lumpur,Helsinki,8984222.580784757,9597866.175686074
TW,FI,Taipei,Helsinki,7969504.8008197285,7869242.865919392
NZ,FI,Wellington,Helsinki,17096168.127139956,16849762.84449258
RS,FI,Belgrade,Helsinki,1732982.5249306697,2248660.3185701193
AU,FR,Canberra,Paris,16941417.525033403,15269701.68580345
BR,FR,Brasilia,Paris,8734265.59982376,8422414.49901869
CA,FR,Ottawa,Paris,5655020.756049053,6114383.191959756
CZ,FR,Prague,Paris,884067.697675773,1054838.3035052523
FI,FR,Helsinki,Paris,1910982.6708230823,2490483.44249747
FR,FR,Paris,Paris,0,0
DE,FR,Berlin,Paris,877450.1680776904,873052.3514286781
HU,FR,Budapest,Paris,1248914.5793237565,1380713.4910495637
IT,FR,Rome,Paris,1108699.5769812497,929744.3138435816
KR,FR,Soul,Paris,8977269.52428898,9310937.660944147
NL,FR,Amsterdam,Paris,430181.1091310417,772915.8200673087
PH,FR,Manila,Paris,10753471.525676021,11151142.452542916
PL,FR,Warsaw,Paris,1369782.7128521258,1469106.717069931
RU,FR,Moscow,Paris,2489734.47797189,6114383.1919597555
SA,FR,Riyadh,Paris,4694887.588106728,4468600.89335261
SE,FR,Stockholm,Paris,1545592.4160067695,1965277.7485135875
TH,FR,Bangkok,Paris,9456532.467486853,9426040.339431822
GB,FR,London,Paris,343353.4771659595,987793.973225679
US,FR,Washington,Paris,6169403.864578399,7650860.168381541
BG,FR,Sofia,Paris,1759762.5462137954,1849684.9827270943
IN,FR,Ni Dilli,Paris,6596565.619075766,7289438.950639668
ID,FR,Jakarta,Paris,11595698.53476229,12557256.216725767
IE,FR,Dublin,Paris,778988.6336850877,1061032.8215683142
JP,FR,Tokyo,Paris,9728227.132563794,9900399.487805126
NO,FR,Oslo,Paris,1342999.147630562,1853135.6723489503
RO,FR,Bucharest,Paris,1872536.6702111142,1772346.3660154615
SK,FR,Bratislava,Paris,1091780.7096843699,1349999.9344625901
TR,FR,Ankara,Paris,2600510.525430093,2786076.5418858896
UA,FR,Kiev,Paris,2026497.7235700288,2265598.327490256
AE,FR,Abu Dhabi,Paris,5245468.999277021,5220813.494747943
VN,FR,Ha Noi,Paris,9207165.092459379,9902335.582094176
HR,FR,Zagreb,Paris,1081552.1631636177,1054581.0995603523
MY,FR,Kuala Lumpur,Paris,10436406.955850922,11379077.160489496
TW,FR,Taipei,Paris,9837033.294440612,10114935.648343101
NZ,FR,Wellington,Paris,19006521.936682787,19257956.201699384
RS,FR,Belgrade,Paris,1449513.7867865253,1508355.1858233404
AU,DE,Canberra,Berlin,16088327.160367865,14534386.265388748
BR,DE,Brasilia,Berlin,9600814.93289049,9262242.528249165
CA,DE,Ottawa,Berlin,6134705.526409566,5998854.819208895
CZ,DE,Prague,Berlin,281271.1482710624,372650.2296361574
FI,DE,Helsinki,Berlin,1107586.8365782686,1658785.6011462673
FR,DE,Paris,Berlin,877450.1680776904,873052.3514286781
DE,DE,Berlin,Berlin,0,0
HU,DE,Budapest,Berlin,690398.8532723755,851829.6003210909
IT,DE,Rome,Berlin,1185172.0381119363,980660.1694287101
KR,DE,Soul,Berlin,8138377.5047809575,8438208.185918551
NL,DE,Amsterdam,Berlin,575971.0850335718,343970.7929642923
PH,DE,Manila,Berlin,9876066.222784545,10313888.611325294
PL,DE,Warsaw,Berlin,519597.01016210247,656601.9772716842
RU,DE,Moscow,Berlin,1612335.6263110798,5245290.661681397
SA,DE,Riyadh,Berlin,4181020.34041181,4149746.54765015
SE,DE,Stockholm,Berlin,812073.9307728341,1199976.7082722336
TH,DE,Bangkok,Berlin,8616740.714654023,8683640.824208107
GB,DE,London,Berlin,928741.3244204333,1013834.5682585092
US,DE,Washington,Berlin,6714961.629568123,7772271.696315879
BG,DE,Sofia,Berlin,1321314.1555459893,1443061.7439197763
IN,DE,Ni Dilli,Berlin,5790661.497478811,6672355.178935797
ID,DE,Jakarta,Berlin,10797760.064732559,11797081.77891399
IE,DE,Dublin,Berlin,1316278.837052968,1268196.679542339
JP,DE,Tokyo,Berlin,8932623.042563252,9036352.63561864
NO,DE,Oslo,Berlin,838434.8768331102,1169244.0660406759
RO,DE,Bucharest,Berlin,1296523.3445894087,1224683.5372845246
SK,DE,Bratislava,Berlin,553491.2904391474,715419.4398913948
TR,DE,Ankara,Berlin,2040249.3157306125,2342618.0433400744
UA,DE,Kiev,Berlin,1207939.2188409034,1549627.0285109407
AE,DE,Abu Dhabi,Berlin,4640041.489085573,4791610.490013263
VN,DE,Ha Noi,Berlin,8338528.793809519,9112649.371733062
HR,DE,Zagreb,Berlin,771327.0120931404,795775.7462671902
MY,DE,Kuala Lumpur,Berlin,9626564.830473606,10626668.691963164
TW,DE,Taipei,Berlin,8964121.697614184,9256963.199531315
NZ,DE,Wellington,Berlin,18158879.856434636,18400284.974182338
RS,DE,Belgrade,Berlin,1002261.7631835372,1144399.2220126947
AU,HU,Canberra,Budapest,15734116.834650466,13889491.421299927
BR,HU,Brasilia,Budapest,9677033.23529267,9719929.40633711
CA,HU,Ottawa,Budapest,6784465.978585636,6797217.462411346
CZ,HU,Prague,Budapest,444965.0177504283,479827.12882756564
FI,HU,Helsinki,Budapest,1459522.1311222867,1927838.5168515833
FR,HU,Paris,Budapest,1248914.5793237565,1380713.4910495637
DE,HU,Berlin,Budapest,690398.8532723755,851829.6003210909
HU,HU,Budapest,Budapest,0,0
IT,HU,Rome,Budapest,813305.2151485876,730432.3978730609
KR,HU,Soul,Budapest,8176446.216670566,8232881.53621834
NL,HU,Amsterdam,Budapest,1148862.101925264,1190813.928302868
PH,HU,Manila,Budapest,9690375.649501363,9850622.559715798
PL,HU,Warsaw,Budapest,546715.8971063351,556597.4539663679
RU,HU,Moscow,Budapest,1567635.3068232897,5139056.971079887
SA,HU,Riyadh,Budapest,3524726.565094049,3297925.9236712498
SE,HU,Stockholm,Budapest,1317462.165951071,1699558.0056758441
TH,HU,Bangkok,Budapest,8255724.321295335,8050758.0559659
GB,HU,London,Budapest,1451360.6583108823,1857553.425791941
US,HU,Washington,Budapest,7343119.091170572,8617908.288954368
BG,HU,Sofia,Budapest,630941.3395421061,594030.2539256527
IN,HU,Ni Dilli,Budapest,5369977.916724587,5920952.0003730105
ID,HU,Jakarta,Budapest,10357068.391718162,11184257.07575067
IE,HU,Dublin,Budapest,1897698.2137430343,2096168.131668957
JP,HU,Tokyo,Budapest,9058955.969775548,8923684.996658284
NO,HU,Oslo,Budapest,1482746.7841473965,1785736.3691870805
RO,HU,Bucharest,Budapest,641293.7532393334,398898.9426547569
SK,HU,Bratislava,Budapest,162683.92259947836,189256.1940263562
TR,HU,Ankara,Budapest,1389167.5747127426,1497138.9057186877
UA,HU,Kiev,Budapest,895805.5944708583,920073.5357066643
AE,HU,Abu Dhabi,Budapest,4025725.3469245266,3953231.0989078823
VN,HU,Ha Noi,Budapest,8073694.203201438,8549035.355710663
HR,HU,Zagreb,Budapest,304430.93997232075,402865.8297436558
MY,HU,Kuala Lumpur,Budapest,9205492.467474833,10004842.400103366
TW,HU,Taipei,Budapest,8859543.712303123,8873556.078953981
NZ,HU,Wellington,Budapest,17994207.84927163,17910375.033137277
RS,HU,Belgrade,Budapest,317771.0300014277,342943.6529819019
AU,IT,Canberra,Rome,16235492.620549593,14458004.433030665
BR,IT,Brasilia,Rome,8915197.213790575,9029838.574654259
CA,IT,Ottawa,Rome,6738615.407308775,6894978.252960403
CZ,IT,Prague,Rome,923760.7503779773,787697.6960911666
FI,IT,Helsinki,Rome,2204871.267730906,2501294.873424481
FR,IT,Paris,Rome,1108699.5769812497,929744.3138435816
DE,IT,Berlin,Rome,1185172.0381119363,980660.1694287101
HU,IT,Budapest,Rome,813305.2151485876,730432.3978730609
IT,IT,Rome,Rome,0,0
KR,IT,Soul,Rome,8978328.900794854,8963250.42990707
NL,IT,Amsterdam,Rome,1299526.876259751,1198606.832206796
PH,IT,Manila,Rome,10399574.396939099,10540163.475490997
PL,IT,Warsaw,Rome,1320723.7851887571,1153106.7961198033
RU,IT,Moscow,Rome,2378695.7820175923,5859163.157115199
SA,IT,Riyadh,Rome,3685932.3997653006,3539469.484248604
SE,IT,Stockholm,Rome,1979211.5184382475,2138400.018341843
TH,IT,Bangkok,Rome,8840301.98070187,8662926.038965015
GB,IT,London,Rome,1436258.6820978438,1749917.2208201266
US,IT,Washington,Rome,7224376.938016537,8539586.301791154
BG,IT,Sofia,Rome,894009.1435209501,991184.932839944
IN,IT,Ni Dilli,Rome,5924482.816581459,6434757.679134849
ID,IT,Jakarta,Rome,10835845.722843016,11794815.397108082
IE,IT,Dublin,Rome,1887307.2414241603,1911125.3079674907
JP,IT,Tokyo,Rome,9871282.91300633,9649172.101392873
NO,IT,Oslo,Rome,2009563.2163811806,2141784.633304258
RO,IT,Bucharest,Rome,1138653.9455527274,1028334.5362406743
SK,IT,Bratislava,Rome,786960.6434632941,829893.6183455515
TR,IT,Ankara,Rome,1721739.0586557603,1897425.6236288543
UA,IT,Kiev,Rome,1676540.006038729,1629426.6589891787
AE,IT,Abu Dhabi,Rome,4300270.196432759,4303756.769362034
VN,IT,Ha Noi,Rome,8740146.234322587,9200682.845018947
HR,IT,Zagreb,Rome,516660.7596598393,336211.38427394413
MY,IT,Kuala Lumpur,Rome,9718519.701329313,10615123.176433368
TW,IT,Taipei,Rome,9614541.188714983,9586920.148904026
NZ,IT,Wellington,Rome,18563134.819760144,18490187.02128069
RS,IT,Belgrade,Rome,725041.9317253436,672703.3568058055
AU,KR,Canberra,Soul,8427911.2295002,6946456.875312087
BR,KR,Brasilia,Soul,17561573.977415115,17021382.263254393
CA,KR,Ottawa,Soul,10523889.527056307,8528487.029992623
CZ,KR,Prague,Soul,8259388.796388655,8328917.101849895
FI,KR,Helsinki,Soul,7066605.367572144,6889972.137635224
FR,KR,Paris,Soul,8977269.52428898,9310937.660944147
DE,KR,Berlin,Soul,8138377.5047809575,8438208.185918551
HU,KR,Budapest,Soul,8176446.216670566,8232881.53621834
IT,KR,Rome,Soul,8978328.900794854,8963250.42990707
KR,KR,Soul,Soul,0,0
NL,KR,Amsterdam,Soul,8567473.778903889,8593409.662902841
PH,KR,Manila,Soul,2622024.678344457,2727301.9558702367
PL,KR,Warsaw,Soul,7747872.405187747,7898186.764904702
RU,KR,Moscow,Soul,6614255.990561056,3218165.8923480604
SA,KR,Riyadh,Soul,7555805.479120464,7746189.141246297
SE,KR,Stockholm,Soul,7441222.577686669,7478085.4701549085
TH,KR,Bangkok,Soul,3729027.6928022173,3657692.9929493717
GB,KR,London,Soul,8866121.84954346,8891442.784987899
US,KR,Washington,Soul,11176885.641601207,10273853.46676283
BG,KR,Sofia,Soul,8238413.618231476,8181966.779049002
IN,KR,Ni Dilli,Soul,4692810.673428151,5221601.116878805
ID,KR,Jakarta,Soul,5299689.730800845,4739936.116944927
IE,KR,Dublin,Soul,8963908.41767061,9136908.11146797
JP,KR,Tokyo,Soul,1160171.0130739699,945669.0001825982
NO,KR,Oslo,Soul,7726377.0609018495,7681887.264104868
RO,KR,Bucharest,Soul,7941983.362577706,7989392.465293728
SK,KR,Bratislava,Soul,8245104.029739299,8149465.102131824
TR,KR,Ankara,Soul,7755930.454619991,7729879.581887318
UA,KR,Kiev,Soul,7303291.164085356,7366340.689396042
AE,KR,Abu Dhabi,Soul,6911682.104316207,7027404.7573735565
VN,KR,Ha Noi,Soul,2744682.588278012,3021498.774846029
HR,KR,Zagreb,Soul,8480863.544884618,8631100.721621169
MY,KR,Kuala Lumpur,Soul,4616329.3746872945,4136764.9991394705
TW,KR,Taipei,Soul,1491309.2489226307,1574620.0803231602
NZ,KR,Wellington,Soul,10031105.665826872,9981461.881469488
RS,KR,Belgrade,Soul,8273772.114472917,8374880.023187483
AU,NL,Canberra,Amsterdam,16647757.544953516,14826163.87952234
BR,NL,Brasilia,Amsterdam,9123772.132600328,9025040.72810096
CA,NL,Ottawa,Amsterdam,5638038.828472504,5712022.970197667
CZ,NL,Prague,Amsterdam,711595.7496156625,714405.8926390774
FI,NL,Helsinki,Amsterdam,1503599.1325111152,1730224.329489815
FR,NL,Paris,Amsterdam,430181.1091310417,772915.8200673087
DE,NL,Berlin,Amsterdam,575971.0850335718,343970.7929642923
HU,NL,Budapest,Amsterdam,1148862.101925264,1190813.928302868
IT,NL,Rome,Amsterdam,1299526.876259751,1198606.832206796
KR,NL,Soul,Amsterdam,8567473.778903889,8593409.662902841
NL,NL,Amsterdam,Amsterdam,0,0
PH,NL,Manila,Amsterdam,10400572.419554157,10554393.233918395
PL,NL,Warsaw,Amsterdam,1095467.7451089753,971172.0073019763
RU,NL,Moscow,Amsterdam,2150371.203504201,5382908.392225521
SA,NL,Riyadh,Amsterdam,4672282.686838734,4487464.83180019
SE,NL,Stockholm,Amsterdam,1127088.5641526969,1192614.8395995495
TH,NL,Bangkok,Amsterdam,9187301.832280423,8982487.72040566
GB,NL,London,Amsterdam,355161.1138319942,669922.3977708671
US,NL,Washington,Amsterdam,6194555.385599399,7446663.363110464
BG,NL,Sofia,Amsterdam,1745888.5040958538,1778072.8694602249
IN,NL,Ni Dilli,Amsterdam,6366607.331551091,7004310.542858804
ID,NL,Jakarta,Amsterdam,11373691.267809324,12084346.669497326
IE,NL,Dublin,Amsterdam,755690.2890652713,926732.7637164253
JP,NL,Tokyo,Amsterdam,9304106.548415331,9153897.92475998
NO,NL,Oslo,Amsterdam,913819.3634713608,1087485.0487568593
RO,NL,Bucharest,Amsterdam,1789283.6902438812,1568134.4106020003
SK,NL,Bratislava,Amsterdam,987287.9416793403,1059263.7283078667
TR,NL,Ankara,Amsterdam,2537936.987162592,2684979.4035054795
UA,NL,Kiev,Amsterdam,1783518.7967241388,1878359.4268168919
AE,NL,Abu Dhabi,Amsterdam,5168900.2484332435,5135353.756724281
VN,NL,Ha Noi,Amsterdam,8890638.886348985,9389487.197016671
HR,NL,Zagreb,Amsterdam,1087534.2549413503,1082918.893798885
MY,NL,Kuala Lumpur,Amsterdam,10202069.100886974,10918953.686838105
TW,NL,Taipei,Amsterdam,9459520.464014176,9473027.805245858
NZ,NL,Wellington,Amsterdam,18585590.557779625,18573581.830525383
RS,NL,Belgrade,Amsterdam,1418171.0049562799,1468939.3847055002
AU,PH,Canberra,Manila,6302378.198138204,4459393.453476857
BR,PH,Brasilia,Manila,18836134.99142361,19569966.83328671
CA,PH,Ottawa,Manila,13145425.400699561,11232125.409221912
CZ,PH,Prague,Manila,9911535.566230513,10097696.547420448
FI,PH,Helsinki,Manila,8939520.550304193,9009759.461157868
FR,PH,Paris,Manila,10753471.525676021,11151142.452542916
DE,PH,Berlin,Manila,9876066.222784545,10313888.611325294
HU,PH,Budapest,Manila,9690375.649501363,9850622.559715798
IT,PH,Rome,Manila,10399574.396939099,10540163.475490997
KR,PH,Soul,Manila,2622024.678344457,2727301.9558702367
NL,PH,Amsterdam,Manila,10400572.419554157,10554393.233918395
PH,PH,Manila,Manila,0,0
PL,PH,Warsaw,Manila,9397391.574500995,9683483.891781177
RU,PH,Moscow,Manila,8263739.429661721,5534805.87440402
SA,PH,Riyadh,Manila,7773976.767129573,8117341.583823346
SE,PH,Stockholm,Manila,9335566.314264778,9604664.084341552
TH,PH,Bangkok,Manila,2210809.878353887,2385683.6310182074
GB,PH,London,Manila,10741930.721592236,11009090.701184575
US,PH,Washington,Manila,13791300.55007446,12813213.53166167
BG,PH,Sofia,Manila,9531394.812098775,9593840.711464362
IN,PH,Ni Dilli,Manila,4757117.46380505,4851690.76598706
ID,PH,Jakarta,Manila,2792465.132549777,2015919.6226574983
IE,PH,Dublin,Manila,10960308.29656164,11285280.630472187
JP,PH,Tokyo,Manila,3001090.711036216,3020181.8715729304
NO,PH,Oslo,Manila,9695114.018216431,9844862.621374018
RO,PH,Bucharest,Manila,9263896.922513518,9512254.23417232
SK,PH,Bratislava,Manila,9804115.215473227,9829743.270426432
TR,PH,Ankara,Manila,8823198.755058771,8863250.46778119
UA,PH,Kiev,Manila,8801274.784101585,8930650.171267664
AE,PH,Abu Dhabi,Manila,7010663.174587147,7219383.3072926495
VN,PH,Ha Noi,Manila,1753615.5836838207,1565929.683164413
HR,PH,Zagreb,Manila,9978213.313473983,10245770.98068245
MY,PH,Kuala Lumpur,Manila,2469281.8961179517,1568748.1648656712
TW,PH,Taipei,Manila,1158809.3401674286,1229037.8642603285
NZ,PH,Wellington,Manila,8322392.0203731395,8106932.383359627
RS,PH,Belgrade,Manila,9678991.325352421,9875071.271407006
AU,PL,Canberra,Warsaw,15577798.16121478,13878129.486053169
BR,PL,Brasilia,Warsaw,10039789.302935382,9890624.876487227
CA,PL,Ottawa,Warsaw,6583644.7893859055,6323480.6741442755
CZ,PL,Prague,Warsaw,519790.10751428606,431226.1363201107
FI,PL,Helsinki,Warsaw,912957.3535989686,1380455.3503525374
FR,PL,Paris,Warsaw,1369782.7128521258,1469106.717069931
DE,PL,Berlin,Warsaw,519597.01016210247,656601.9772716842
HU,PL,Budapest,Warsaw,546715.8971063351,556597.4539663679
IT,PL,Rome,Warsaw,1320723.7851887571,1153106.7961198033
KR,PL,Soul,Warsaw,7747872.405187747,7898186.764904702
NL,PL,Amsterdam,Warsaw,1095467.7451089753,971172.0073019763
PH,PL,Manila,Warsaw,9397391.574500995,9683483.891781177
PL,PL,Warsaw,Warsaw,0,0
RU,PL,Moscow,Warsaw,1150034.7307380543,4744146.483646388
SA,PL,Riyadh,Warsaw,3763785.667641589,3672867.5626725415
SE,PL,Stockholm,Warsaw,808186.1249209006,1152892.9116723484
TH,PL,Bangkok,Warsaw,8100424.566671764,8027065.262874983
GB,PL,London,Warsaw,1448194.6638062594,1615220.0140823936
US,PL,Washington,Warsaw,7183126.288864454,8218441.912630171
BG,PL,Sofia,Warsaw,1079024.3988590422,1069473.6228763466
IN,PL,Ni Dilli,Warsaw,5271148.649864517,6036273.979210903
ID,PL,Jakarta,Warsaw,10278224.080245117,11141879.996997053
IE,PL,Dublin,Warsaw,1828238.5861986042,1888646.1072039243
JP,PL,Tokyo,Warsaw,8591199.024943803,8542814.011485752
NO,PL,Oslo,Warsaw,1061484.831457671,1264339.1881581445
RO,PL,Bucharest,Warsaw,947597.0604264148,760789.8698630196
SK,PL,Bratislava,Warsaw,533778.3379639987,372759.38657616783
TR,PL,Ankara,Warsaw,1643994.624303834,1843888.6080769554
UA,PL,Kiev,Warsaw,690672.4658001829,911616.3189487266
AE,PL,Abu Dhabi,Warsaw,4178055.982675767,4242746.795959818
VN,PL,Ha Noi,Warsaw,7837489.578903961,8461323.999534357
HR,PL,Zagreb,Warsaw,807608.0320311378,829331.5304120061
MY,PL,Kuala Lumpur,Warsaw,9107013.75221934,9970641.32466075
TW,PL,Taipei,Warsaw,8512000.565862827,8648448.251732329
NZ,PL,Wellington,Warsaw,17712520.56308696,17789046.952442262
RS,PL,Belgrade,Warsaw,827985.1118278749,893641.8234035616
AU,RU,Canberra,Moscow,14499717.610219393,9985563.5521149
BR,RU,Brasilia,Moscow,11189818.189833995,14096451.125753947
CA,RU,Ottawa,Moscow,7167377.748920529,6607610.852800052
CZ,RU,Prague,Moscow,1669762.3195249923,5169486.971674894
FI,RU,Helsinki,Moscow,893754.4981131146,3672095.015229198
FR,RU,Paris,Moscow,2489734.47797189,6114383.1919597555
DE,RU,Berlin,Moscow,1612335.6263110798,5245290.661681397
HU,RU,Budapest,Moscow,1567635.3068232897,5139056.971079887
IT,RU,Rome,Moscow,2378695.7820175923,5859163.157115199
KR,RU,Soul,Moscow,6614255.990561056,3218165.8923480604
NL,RU,Amsterdam,Moscow,2150371.203504201,5382908.392225521
PH,RU,Manila,Moscow,8263739.429661721,5534805.87440402
PL,RU,Warsaw,Moscow,1150034.7307380543,4744146.483646388
RU,RU,Moscow,Moscow,0,0
SA,RU,Riyadh,Moscow,3541586.980372528,5705180.546341284
SE,RU,Stockholm,Moscow,1228817.6835852298,4260064.702249343
TH,RU,Bangkok,Moscow,7074364.858668336,5009377.085697311
GB,RU,London,Moscow,2501218.584249105,5675571.8474060595
US,RU,Washington,Moscow,7829133.876714299,8794906.614413831
BG,RU,Sofia,Moscow,1780258.9711589534,5203406.380294902
IN,RU,Ni Dilli,Moscow,4348833.604314224,4811560.786431014
ID,RU,Jakarta,Moscow,9318181.940894231,7445594.403987329
IE,RU,Dublin,Moscow,2798089.520827056,5925147.522758714
JP,RU,Tokyo,Moscow,7492766.5660442095,3799023.4727236484
NO,RU,Oslo,Moscow,1645591.2885128725,4466548.3939867355
RO,RU,Bucharest,Moscow,1499651.3434351003,4957251.618378878
SK,RU,Bratislava,Moscow,1630877.0286757592,5030302.570363656
TR,RU,Ankara,Moscow,1795713.6657856484,4990125.124017831
UA,RU,Kiev,Moscow,758170.377232915,4348208.389398195
AE,RU,Abu Dhabi,Moscow,3739447.0035389108,5339775.801564328
VN,RU,Ha Noi,Moscow,6741278.63356217,4920635.39974327
HR,RU,Zagreb,Moscow,1871054.926122891,5522961.358797183
MY,RU,Kuala Lumpur,Moscow,8134709.931613935,6490021.958805066
TW,RU,Taipei,Moscow,7363344.437115054,4325906.063807532
NZ,RU,Wellington,Moscow,16565523.433591483,13190678.229720641
RS,RU,Belgrade,Moscow,1711643.0559456754,5333979.10030607
AU,SA,Canberra,Riyadh,12642258.11225471,11164074.229802266
BR,SA,Brasilia,Riyadh,11204129.27812165,11488327.241774699
CA,SA,Ottawa,Riyadh,10309111.674351918,9930532.586899295
CZ,SA,Prague,Riyadh,3967981.123507942,3777421.9153929544
FI,SA,Helsinki,Riyadh,4297209.90267615,4556404.191842515
FR,SA,Paris,Riyadh,4694887.588106728,4468600.89335261
DE,SA,Berlin,Riyadh,4181020.34041181,4149746.54765015
HU,SA,Budapest,Riyadh,3524726.565094049,3297925.9236712498
IT,SA,Rome,Riyadh,3685932.3997653006,3539469.484248604
KR,SA,Soul,Riyadh,7555805.479120464,7746189.141246297
NL,SA,Amsterdam,Riyadh,4672282.686838734,4487464.83180019
PH,SA,Manila,Riyadh,7773976.767129573,8117341.583823346
PL,SA,Warsaw,Riyadh,3763785.667641589,3672867.5626725415
RU,SA,Moscow,Riyadh,3541586.980372528,5705180.546341284
SA,SA,Riyadh,Riyadh,0,0
SE,SA,Stockholm,Riyadh,4459303.746170544,4689828.097049482
TH,SA,Bangkok,Riyadh,5742782.852422719,5822183.515744388
GB,SA,London,Riyadh,4954815.940750194,5149547.4172406625
US,SA,Washington,Riyadh,10859010.532776657,11891304.586341735
BG,SA,Sofia,Riyadh,2940175.592619874,2710025.2027026787
IN,SA,Ni Dilli,Riyadh,3053673.6308753504,3329885.5592065398
ID,SA,Jakarta,Riyadh,7351693.7224632455,8755006.795422254
IE,SA,Dublin,Riyadh,5412487.850753789,5372156.739380591
JP,SA,Tokyo,Riyadh,8704768.319775473,8669071.14286862
NO,SA,Oslo,Riyadh,4804779.32461867,4876465.834215998
RO,SA,Bucharest,Riyadh,2888858.122822038,2940258.792861014
SK,SA,Bratislava,Riyadh,3685355.0056281756,3445694.9852890805
TR,SA,Ankara,Riyadh,2141103.843573188,1829000.1962808643
UA,SA,Kiev,Riyadh,3192284.8067953754,2901397.8492318285
AE,SA,Abu Dhabi,Riyadh,769588.941227283,918260.0640738026
VN,SA,Ha Noi,Riyadh,6027630.510896379,6567318.286911532
HR,SA,Zagreb,Riyadh,3619310.691643423,3467153.2733096196
MY,SA,Kuala Lumpur,Riyadh,6347908.062528618,7636130.454626986
TW,SA,Taipei,Riyadh,7435780.578079012,7586310.399536551
NZ,SA,Wellington,Riyadh,14926575.345127292,15023970.82976045
RS,SA,Belgrade,Riyadh,3262032.0430170167,3031533.5461011296
AU,SE,Canberra,Stockholm,15629777.805945037,14011347.515209863
BR,SE,Brasilia,Stockholm,10236251.267164012,9988093.769021347
CA,SE,Ottawa,Stockholm,6001398.239655475,5244781.260850499
CZ,SE,Prague,Stockholm,1055585.1376614128,1363663.7622176006
FI,SE,Helsinki,Stockholm,396253.6509206003,597884.6799709314
FR,SE,Paris,Stockholm,1545592.4160067695,1965277.7485135875
DE,SE,Berlin,Stockholm,812073.9307728341,1199976.7082722336
HU,SE,Budapest,Stockholm,1317462.165951071,1699558.0056758441
IT,SE,Rome,Stockholm,1979211.5184382475,2138400.018341843
KR,SE,Soul,Stockholm,7441222.577686669,7478085.4701549085
NL,SE,Amsterdam,Stockholm,1127088.5641526969,1192614.8395995495
PH,SE,Manila,Stockholm,9335566.314264778,9604664.084341552
PL,SE,Warsaw,Stockholm,808186.1249209006,1152892.9116723484
RU,SE,Moscow,Stockholm,1228817.6835852298,4260064.702249343
SA,SE,Riyadh,Stockholm,4459303.746170544,4689828.097049482
SE,SE,Stockholm,Stockholm,0,0
TH,SE,Bangkok,Stockholm,8278826.591238676,8287952.065651182
GB,SE,London,Stockholm,1432133.6312626805,1422450.471741054
US,SE,Washington,Stockholm,6642097.71773058,7245087.240157308
BG,SE,Sofia,Stockholm,1886942.7786101697,2214991.8770653913
IN,SE,Ni Dilli,Stockholm,5577622.560788015,6611962.527655067
ID,SE,Jakarta,Stockholm,10539913.655470336,11290024.396068336
IE,SE,Dublin,Stockholm,1630828.7791776962,1686899.1158204733
JP,SE,Tokyo,Stockholm,8183433.219230545,7994155.739279783
NO,SE,Oslo,Stockholm,416904.78785309376,261242.03013159047
RO,SE,Bucharest,Stockholm,1743981.9369171727,1892378.797157444
SK,SE,Bratislava,Stockholm,1244945.4512193566,1510467.3446669134
TR,SE,Ankara,Stockholm,2395755.863261431,2889644.90262661
UA,SE,Kiev,Stockholm,1267505.8574083892,1789188.5414850086
AE,SE,Abu Dhabi,Stockholm,4794199.981696478,5140404.926535422
VN,SE,Ha Noi,Stockholm,7892768.283876752,8580754.013596643
HR,SE,Zagreb,Stockholm,1512650.1712684566,1874155.6264951401
MY,SE,Kuala Lumpur,Stockholm,9355295.533218872,10163591.014896147
TW,SE,Taipei,Stockholm,8362214.746622272,8466926.803797571
NZ,SE,Wellington,Stockholm,17461631.7951904,17412871.90374883
RS,SE,Belgrade,Stockholm,1622398.6755596686,2041589.9406750945
AU,TH,Canberra,Bangkok,7486060.996079615,5852598.035863764
BR,TH,Brasilia,Bangkok,16632329.668744698,17266044.638302233
CA,TH,Ottawa,Bangkok,13441887.743294235,11565318.71921851
CZ,TH,Prague,Bangkok,8572877.030999448,8394383.831589134
FI,TH,Helsinki,Bangkok,7898093.319874775,7742615.015973694
FR,TH,Paris,Bangkok,9456532.467486853,9426040.339431822
DE,TH,Berlin,Bangkok,8616740.714654023,8683640.824208107
HU,TH,Budapest,Bangkok,8255724.321295335,8050758.0559659
IT,TH,Rome,Bangkok,8840301.98070187,8662926.038965015
KR,TH,Soul,Bangkok,3729027.6928022173,3657692.9929493717
NL,TH,Amsterdam,Bangkok,9187301.832280423,8982487.72040566
PH,TH,Manila,Bangkok,2210809.878353887,2385683.6310182074
PL,TH,Warsaw,Bangkok,8100424.566671764,8027065.262874983
RU,TH,Moscow,Bangkok,7074364.858668336,5009377.085697311
SA,TH,Riyadh,Bangkok,5742782.852422719,5822183.515744388
SE,TH,Stockholm,Bangkok,8278826.591238676,8287952.065651182
TH,TH,Bangkok,Bangkok,0,0
GB,TH,London,Bangkok,9542440.503668053,9558899.328895325
US,TH,Washington,Bangkok,14171971.095502533,13637166.911827657
BG,TH,Sofia,Bangkok,7946307.480257219,7674316.528636448
IN,TH,Ni Dilli,Bangkok,2919266.863185415,2502028.2047196855
ID,TH,Jakarta,Bangkok,2324140.6093584537,3134369.0445321174
IE,TH,Dublin,Bangkok,9870902.560820227,9846090.812246162
JP,TH,Tokyo,Bangkok,4615888.873059511,4434123.321681987
NO,TH,Oslo,Bangkok,8685690.81555181,8548204.930242142
RO,TH,Bucharest,Bangkok,7719728.840014924,7670961.432515817
SK,TH,Bratislava,Bangkok,8396311.313095707,8077845.343237543
TR,TH,Ankara,Bangkok,7144054.8788541835,6832650.885052014
UA,TH,Kiev,Bangkok,7430123.063598726,7164467.223043079
AE,TH,Abu Dhabi,Bangkok,4973678.146690702,4908058.902405145
VN,TH,Ha Noi,Bangkok,990769.0464907242,849865.2047847273
HR,TH,Zagreb,Bangkok,8507615.713362183,8414913.466965389
MY,TH,Kuala Lumpur,Bangkok,1184143.7144337539,1954348.0218726932
TW,TH,Taipei,Bangkok,2528294.2488568733,2416564.3105219137
NZ,TH,Wellington,Bangkok,9755886.888355758,9861357.48547095
RS,TH,Belgrade,Bangkok,8162363.149781458,7992501.087843085
AU,GB,Canberra,London,17000539.851203874,15369769.582945516
BR,GB,Brasilia,London,8804316.742141254,8579126.437234227
CA,GB,Ottawa,London,5369072.947888857,5158588.861348806
CZ,GB,Prague,London,1033006.3302354107,1383718.9458626558
FI,GB,Helsinki,London,1820652.1520540137,2019577.9594534594
FR,GB,Paris,London,343353.4771659595,987793.973225679
DE,GB,Berlin,London,928741.3244204333,1013834.5682585092
HU,GB,Budapest,London,1451360.6583108823,1857553.425791941
IT,GB,Rome,London,1436258.6820978438,1749917.2208201266
KR,GB,Soul,London,8866121.84954346,8891442.784987899
NL,GB,Amsterdam,London,355161.1138319942,669922.3977708671
PH,GB,Manila,London,10741930.721592236,11009090.701184575
PL,GB,Warsaw,London,1448194.6638062594,1615220.0140823936
RU,GB,Moscow,London,2501218.584249105,5675571.8474060595
SA,GB,Riyadh,London,4954815.940750194,5149547.4172406625
SE,GB,Stockholm,London,1432133.6312626805,1422450.471741054
TH,GB,Bangkok,London,9542440.503668053,9558899.328895325
GB,GB,London,London,0,0
US,GB,Washington,London,5904294.70260598,6810054.563225357
BG,GB,Sofia,London,2015204.9824158484,2439733.006438095
IN,GB,Ni Dilli,London,6718487.570318032,7648651.934610002
ID,GB,Jakarta,London,11725550.19139238,12629171.48447701
IE,GB,Dublin,London,463348.8218607226,287251.95023462275
JP,GB,Tokyo,London,9572052.397126805,9374700.125872558
NO,GB,Oslo,London,1152431.2657832548,1209581.724441285
RO,GB,Bucharest,London,2091208.8107362068,2237896.708270374
SK,GB,Bratislava,London,1288800.8679698536,1729186.0978361147
TR,GB,Ankara,London,2834601.6172647364,3353642.726066438
UA,GB,Kiev,London,2133974.97782573,2526797.1743496587
AE,GB,Abu Dhabi,London,5476414.779248064,5805226.845214116
VN,GB,Ha Noi,London,9242418.39565404,9921171.458822796
HR,GB,Zagreb,London,1338225.4430194532,1707738.563722529
MY,GB,Kuala Lumpur,London,10555186.607405448,11477555.136116292
TW,GB,Taipei,London,9788750.254649214,9884392.919461325
NZ,GB,Wellington,London,18832493.986266218,18693535.91863845
RS,GB,Belgrade,London,1693079.6897450762,2121438.161388358
AU,US,Canberra,Washington,15964545.953143777,14822193.890350845
BR,US,Brasilia,Washington,6800646.522622356,7136589.188863393
CA,US,Ottawa,Washington,732676.7184236749,2252702.689371166
CZ,US,Prague,Washington,6904641.871652729,8139808.22851375
FI,US,Helsinki,Washington,6936458.96882288,7500843.575818088
FR,US,Paris,Washington,6169403.864578399,7650860.168381541
DE,US,Berlin,Washington,6714961.629568123,7772271.696315879
HU,US,Budapest,Washington,7343119.091170572,8617908.288954368
IT,US,Rome,Washington,7224376.938016537,8539586.301791154
KR,US,Soul,Washington,11176885.641601207,10273853.46676283
NL,US,Amsterdam,Washington,6194555.385599399,7446663.363110464
PH,US,Manila,Washington,13791300.55007446,12813213.53166167
PL,US,Warsaw,Washington,7183126.288864454,8218441.912630171
RU,US,Moscow,Washington,7829133.876714299,8794906.614413831
SA,US,Riyadh,Washington,10859010.532776657,11891304.586341735
SE,US,Stockholm,Washington,6642097.71773058,7245087.240157308
TH,US,Bangkok,Washington,14171971.095502533,13637166.911827657
GB,US,London,Washington,5904294.70260598,6810054.563225357
US,US,Washington,Washington,0,0
BG,US,Sofia,Washington,7918913.5667668525,9211921.123140119
IN,US,Ni Dilli,Washington,12060174.846312694,13361639.808447795
ID,US,Jakarta,Washington,16373478.00254484,14564564.30465701
IE,US,Dublin,Washington,5447995.006256917,6628666.529423136
JP,US,Tokyo,Washington,10914582.417989306,9800132.71767838
NO,US,Oslo,Washington,6238176.865547779,7037077.068393057
RO,US,Bucharest,Washington,7983838.868356569,8957219.329017822
SK,US,Bratislava,Washington,7181052.752504084,8458493.262676938
TR,US,Ankara,Washington,8732272.646898197,10062327.66454879
UA,US,Kiev,Washington,7841424.085495337,9022024.884116795
AE,US,Abu Dhabi,Washington,11354961.155842256,12382959.884360356
VN,US,Ha Noi,Washington,13358353.373550136,13228521.861785429
HR,US,Zagreb,Washington,7240161.5761784855,8516938.969046067
MY,US,Kuala Lumpur,Washington,15352480.872785265,14358934.930729112
TW,US,Taipei,Washington,12665390.621565275,11830310.45875108
NZ,US,Wellington,Washington,14099394.615741987,12663552.594211515
RS,US,Belgrade,Washington,7597325.317874984,8914786.264768599
AU,BG,Canberra,Sofia,15360115.843126632,13468829.719410546
BR,BG,Brasilia,Sofia,9742314.42986319,9976396.164108247
CA,BG,Ottawa,Sofia,7379727.173079942,7378095.4402374495
CZ,BG,Prague,Sofia,1066986.7511007297,1072736.5092625872
FI,BG,Helsinki,Sofia,1949003.7750852052,2338578.2085966594
FR,BG,Paris,Sofia,1759762.5462137954,1849684.9827270943
DE,BG,Berlin,Sofia,1321314.1555459893,1443061.7439197763
HU,BG,Budapest,Sofia,630941.3395421061,594030.2539256527
IT,BG,Rome,Sofia,894009.1435209501,991184.932839944
KR,BG,Soul,Sofia,8238413.618231476,8181966.779049002
NL,BG,Amsterdam,Sofia,1745888.5040958538,1778072.8694602249
PH,BG,Manila,Sofia,9531394.812098775,9593840.711464362
PL,BG,Warsaw,Sofia,1079024.3988590422,1069473.6228763466
RU,BG,Moscow,Sofia,1780258.9711589534,5203406.380294902
SA,BG,Riyadh,Sofia,2940175.592619874,2710025.2027026787
SE,BG,Stockholm,Sofia,1886942.7786101697,2214991.8770653913
TH,BG,Bangkok,Sofia,7946307.480257219,7674316.528636448
GB,BG,London,Sofia,2015204.9824158484,2439733.006438095
US,BG,Washington,Sofia,7918913.5667668525,9211921.123140119
BG,BG,Sofia,Sofia,0,0
IN,BG,Ni Dilli,Sofia,5030934.076935272,5452034.174482579
ID,BG,Jakarta,Sofia,9958292.154323034,10804865.95099044
IE,BG,Dublin,Sofia,2474664.0389567018,2667669.1244819337
JP,BG,Tokyo,Sofia,9191715.014011169,8931239.021097897
NO,BG,Oslo,Sofia,2098601.5715311863,2333455.6986182136
RO,BG,Bucharest,Sofia,297618.0521716831,333958.4723798205
SK,BG,Bratislava,Sofia,776576.7478100377,761056.9579395144
TR,BG,Ankara,Sofia,854219.4780945644,940003.720276705
UA,BG,Kiev,Sofia,1022112.2740559975,858954.9495240013
AE,BG,Abu Dhabi,Sofia,3489838.9139966504,3393739.599944321
VN,BG,Ha Noi,Sofia,7856792.570019645,8225126.053670061
HR,BG,Zagreb,Sofia,679643.7547798755,796461.5437066706
MY,BG,Kuala Lumpur,Sofia,8832285.072844954,9625489.412960159
TW,BG,Taipei,Sofia,8783547.879672047,8685241.740040908
NZ,BG,Wellington,Sofia,17682781.833543114,17505268.775649317
RS,BG,Belgrade,Sofia,328275.37315133685,341594.44838359853
AU,IN,Canberra,Ni Dilli,10364705.39844716,8030119.185420095
BR,IN,Brasilia,Ni Dilli,14254535.581280211,14776055.599811956
CA,IN,Ottawa,Ni Dilli,11353802.63257189,11109274.273630321
CZ,IN,Prague,Ni Dilli,5714693.266885061,6334213.767393936
FI,IN,Helsinki,Ni Dilli,5227966.1413075505,6176389.760118958
FR,IN,Paris,Ni Dilli,6596565.619075766,7289438.950639668
DE,IN,Berlin,Ni Dilli,5790661.497478811,6672355.178935797
HU,IN,Budapest,Ni Dilli,5369977.916724587,5920952.0003730105
IT,IN,Rome,Ni Dilli,5924482.816581459,6434757.679134849
KR,IN,Soul,Ni Dilli,4692810.673428151,5221601.116878805
NL,IN,Amsterdam,Ni Dilli,6366607.331551091,7004310.542858804
PH,IN,Manila,Ni Dilli,4757117.46380505,4851690.76598706
PL,IN,Warsaw,Ni Dilli,5271148.649864517,6036273.979210903
RU,IN,Moscow,Ni Dilli,4348833.604314224,4811560.786431014
SA,IN,Riyadh,Ni Dilli,3053673.6308753504,3329885.5592065398
SE,IN,Stockholm,Ni Dilli,5577622.560788015,6611962.527655067
TH,IN,Bangkok,Ni Dilli,2919266.863185415,2502028.2047196855
GB,IN,London,Ni Dilli,6718487.570318032,7648651.934610002
US,IN,Washington,Ni Dilli,12060174.846312694,13361639.808447795
BG,IN,Sofia,Ni Dilli,5030934.076935272,5452034.174482579
IN,IN,Ni Dilli,Ni Dilli,0,0
ID,IN,Jakarta,Ni Dilli,5007112.834869075,5465089.466850898
IE,IN,Dublin,Ni Dilli,7087413.258357753,7924787.824887279
JP,IN,Tokyo,Ni Dilli,5850961.8836363815,6153482.009464135
NO,IN,Oslo,Ni Dilli,5994424.878065952,6866440.666136455
RO,IN,Bucharest,Ni Dilli,4812062.171815959,5523194.675066188
SK,IN,Bratislava,Ni Dilli,5516889.438676234,5991647.368174396
TR,IN,Ankara,Ni Dilli,4224825.499601893,4541697.847741434
UA,IN,Kiev,Ni Dilli,4584845.390273405,5126063.377968595
AE,IN,Abu Dhabi,Ni Dilli,2317532.4726549713,2412375.4866763293
VN,IN,Ha Noi,Ni Dilli,3003548.4360686243,3285936.2660788526
HR,IN,Zagreb,Ni Dilli,5609110.969207711,6237852.217521725
MY,IN,Kuala Lumpur,Ni Dilli,3840065.2562185773,4320509.546500341
TW,IN,Taipei,Ni Dilli,4387992.158344036,4545390.006984943
NZ,IN,Wellington,Ni Dilli,12661695.024634643,12055688.765290333
RS,IN,Belgrade,Ni Dilli,5256749.393011613,5789287.189209348
AU,ID,Canberra,Jakarta,5401876.780120862,2743169.6023220522
BR,ID,Brasilia,Jakarta,16332391.519705974,18278065.54709186
CA,ID,Ottawa,Jakarta,15662423.319519836,13200722.46169098
CZ,ID,Prague,Jakarta,10717146.460755447,11519386.806982698
FI,ID,Helsinki,Jakarta,10169436.04192749,10714058.58873479
FR,ID,Paris,Jakarta,11595698.53476229,12557256.216725767
DE,ID,Berlin,Jakarta,10797760.064732559,11797081.77891399
HU,ID,Budapest,Jakarta,10357068.391718162,11184257.07575067
IT,ID,Rome,Jakarta,10835845.722843016,11794815.397108082
KR,ID,Soul,Jakarta,5299689.730800845,4739936.116944927
NL,ID,Amsterdam,Jakarta,11373691.267809324,12084346.669497326
PH,ID,Manila,Jakarta,2792465.132549777,2015919.6226574983
PL,ID,Warsaw,Jakarta,10278224.080245117,11141879.996997053
RU,ID,Moscow,Jakarta,9318181.940894231,7445594.403987329
SA,ID,Riyadh,Jakarta,7351693.7224632455,8755006.795422254
SE,ID,Stockholm,Jakarta,10539913.655470336,11290024.396068336
TH,ID,Bangkok,Jakarta,2324140.6093584537,3134369.0445321174
GB,ID,London,Jakarta,11725550.19139238,12629171.48447701
US,ID,Washington,Jakarta,16373478.00254484,14564564.30465701
BG,ID,Sofia,Jakarta,9958292.154323034,10804865.95099044
IN,ID,Ni Dilli,Jakarta,5007112.834869075,5465089.466850898
ID,ID,Jakarta,Jakarta,0,0
IE,ID,Dublin,Jakarta,12090244.740415499,12915466.314682184
JP,ID,Tokyo,Jakarta,5793531.03377342,4935366.209890223
NO,ID,Oslo,Jakarta,10952908.598913465,11544313.890900139
RO,ID,Bucharest,Jakarta,9770127.851379737,10805306.080893626
SK,ID,Bratislava,Jakarta,10508628.484385844,11207758.556270773
TR,ID,Ankara,Jakarta,9114513.613533765,9946613.877223644
UA,ID,Kiev,Jakarta,9591717.911275078,10292896.0900945
AE,ID,Abu Dhabi,Jakarta,6629638.396421966,7841918.740473493
VN,ID,Ha Noi,Jakarta,3030934.9869156964,2710642.1535112327
HR,ID,Zagreb,Jakarta,10578069.401241228,11549262.102132918
MY,ID,Kuala Lumpur,Jakarta,1185297.087682954,1180158.5645984714
TW,ID,Taipei,Jakarta,3817171.5682859807,3230088.2837892515
NZ,ID,Wellington,Jakarta,7727861.74753332,6727187.7534834985
RS,ID,Belgrade,Jakarta,10214998.677689454,11125451.218791317
AU,IE,Canberra,Dublin,17259610.788205486,15655379.049808748
BR,IE,Brasilia,Dublin,8661241.582548168,8304674.277904752
CA,IE,Ottawa,Dublin,4906874.972396517,5054020.366024829
CZ,IE,Prague,Dublin,1466067.46088365,1631047.861975254
FI,IE,Helsinki,Dublin,2026608.1581674537,2284744.0278623397
FR,IE,Paris,Dublin,778988.6336850877,1061032.8215683142
DE,IE,Berlin,Dublin,1316278.837052968,1268196.679542339
HU,IE,Budapest,Dublin,1897698.2137430343,2096168.131668957
IT,IE,Rome,Dublin,1887307.2414241603,1911125.3079674907
KR,IE,Soul,Dublin,8963908.41767061,9136908.11146797
NL,IE,Amsterdam,Dublin,755690.2890652713,926732.7637164253
PH,IE,Manila,Dublin,10960308.29656164,11285280.630472187
PL,IE,Warsaw,Dublin,1828238.5861986042,1888646.1072039243
RU,IE,Moscow,Dublin,2798089.520827056,5925147.522758714
SA,IE,Riyadh,Dublin,5412487.850753789,5372156.739380591
SE,IE,Stockholm,Dublin,1630828.7791776962,1686899.1158204733
TH,IE,Bangkok,Dublin,9870902.560820227,9846090.812246162
GB,IE,London,Dublin,463348.8218607226,287251.95023462275
US,IE,Washington,Dublin,5447995.006256917,6628666.529423136
BG,IE,Sofia,Dublin,2474664.0389567018,2667669.1244819337
IN,IE,Ni Dilli,Dublin,7087413.258357753,7924787.824887279
ID,IE,Jakarta,Dublin,12090244.740415499,12915466.314682184
IE,IE,Dublin,Dublin,0,0
JP,IE,Tokyo,Dublin,9601341.722147685,9598861.763300039
NO,IE,Oslo,Dublin,1267148.110035908,1461542.5864228604
RO,IE,Bucharest,Dublin,2538987.0694829547,2484244.0251025883
SK,IE,Bratislava,Dublin,1735149.094418684,1979335.4290496046
TR,IE,Ankara,Dublin,3285742.4801097633,3592829.6932162563
UA,IE,Kiev,Dublin,2518801.903830759,2799775.222104588
AE,IE,Abu Dhabi,Dublin,5922252.630952119,6049346.046855939
VN,IE,Ha Noi,Dublin,9519426.673083851,10206984.900865266
HR,IE,Zagreb,Dublin,1799624.3082384367,1910413.529790504
MY,IE,Kuala Lumpur,Dublin,10912416.098873459,11764595.67936336
TW,IE,Taipei,Dublin,9965848.474084815,10153705.364817005
NZ,IE,Wellington,Dublin,18693894.773844972,18803920.212976627
RS,IE,Belgrade,Dublin,2150639.5170679335,2340740.2643148247
AU,JP,Canberra,Tokyo,7960909.829968293,6797814.447949647
BR,JP,Brasilia,Tokyo,17695434.0105579,16858984.93431248
CA,JP,Ottawa,Tokyo,10331429.97498997,8266582.962440761
CZ,JP,Prague,Tokyo,9086349.091626998,8968509.065057915
FI,JP,Helsinki,Tokyo,7832086.854392091,7425716.523997589
FR,JP,Paris,Tokyo,9728227.132563794,9900399.487805126
DE,JP,Berlin,Tokyo,8932623.042563252,9036352.63561864
HU,JP,Budapest,Tokyo,9058955.969775548,8923684.996658284
IT,JP,Rome,Tokyo,9871282.91300633,9649172.101392873
KR,JP,Soul,Tokyo,1160171.0130739699,945669.0001825982
NL,JP,Amsterdam,Tokyo,9304106.548415331,9153897.92475998
PH,JP,Manila,Tokyo,3001090.711036216,3020181.8715729304
PL,JP,Warsaw,Tokyo,8591199.024943803,8542814.011485752
RU,JP,Moscow,Tokyo,7492766.5660442095,3799023.4727236484
SA,JP,Riyadh,Tokyo,8704768.319775473,8669071.14286862
SE,JP,Stockholm,Tokyo,8183433.219230545,7994155.739279783
TH,JP,Bangkok,Tokyo,4615888.873059511,4434123.321681987
GB,JP,London,Tokyo,9572052.397126805,9374700.125872558
US,JP,Washington,Tokyo,10914582.417989306,9800132.71767838
BG,JP,Sofia,Tokyo,9191715.014011169,8931239.021097897
IN,JP,Ni Dilli,Tokyo,5850961.8836363815,6153482.009464135
ID,JP,Jakarta,Tokyo,5793531.03377342,4935366.209890223
IE,JP,Dublin,Tokyo,9601341.722147685,9598861.763300039
JP,JP,Tokyo,Tokyo,0,0
NO,JP,Oslo,Tokyo,8419621.19604148,8174440.775820702
RO,JP,Bucharest,Tokyo,8894141.52837114,8713431.328927288
SK,JP,Bratislava,Tokyo,9109049.111279776,8822826.902178086
TR,JP,Ankara,Tokyo,8780203.740080561,8550871.7922052
UA,JP,Kiev,Tokyo,8216146.752566298,8093366.519109169
AE,JP,Abu Dhabi,Tokyo,8069197.890922843,7965910.8268026
VN,JP,Ha Noi,Tokyo,3676552.540524976,3711100.9136145627
HR,JP,Zagreb,Tokyo,9360810.268142946,9313418.425243465
MY,JP,Kuala Lumpur,Tokyo,5328834.346762849,4559809.220334316
TW,JP,Taipei,Tokyo,2116157.7616347107,2108497.278020389
NZ,JP,Wellington,Tokyo,9281514.024150535,9424155.7008924
RS,JP,Belgrade,Tokyo,9191060.00457373,9096411.94142425
AU,NO,Canberra,Oslo,15996935.558627073,14261343.883243727
BR,NO,Brasilia,Oslo,9918991.738223458,9750341.860326923
CA,NO,Ottawa,Oslo,5605622.696463302,5073581.607275045
CZ,NO,Prague,Oslo,1118782.1716173317,1397938.1042292195
FI,NO,Helsinki,Oslo,787866.8629913243,836189.3845796838
FR,NO,Paris,Oslo,1342999.147630562,1853135.6723489503
DE,NO,Berlin,Oslo,838434.8768331102,1169244.0660406759
HU,NO,Budapest,Oslo,1482746.7841473965,1785736.3691870805
IT,NO,Rome,Oslo,2009563.2163811806,2141784.633304258
KR,NO,Soul,Oslo,7726377.0609018495,7681887.264104868
NL,NO,Amsterdam,Oslo,913819.3634713608,1087485.0487568593
PH,NO,Manila,Oslo,9695114.018216431,9844862.621374018
PL,NO,Warsaw,Oslo,1061484.831457671,1264339.1881581445
RU,NO,Moscow,Oslo,1645591.2885128725,4466548.3939867355
SA,NO,Riyadh,Oslo,4804779.32461867,4876465.834215998
SE,NO,Stockholm,Oslo,416904.78785309376,261242.03013159047
TH,NO,Bangkok,Oslo,8685690.81555181,8548204.930242142
GB,NO,London,Oslo,1152431.2657832548,1209581.724441285
US,NO,Washington,Oslo,6238176.865547779,7037077.068393057
BG,NO,Sofia,Oslo,2098601.5715311863,2333455.6986182136
IN,NO,Ni Dilli,Oslo,5994424.878065952,6866440.666136455
ID,NO,Jakarta,Oslo,10952908.598913465,11544313.890900139
IE,NO,Dublin,Oslo,1267148.110035908,1461542.5864228604
JP,NO,Tokyo,Oslo,8419621.19604148,8174440.775820702
NO,NO,Oslo,Oslo,0,0
RO,NO,Bucharest,Oslo,2004905.481569282,2022391.0955571118
SK,NO,Bratislava,Oslo,1371363.5816198988,1597619.7270995995
TR,NO,Ankara,Oslo,2702550.5439391257,3061582.4684562306
UA,NO,Kiev,Oslo,1630082.8794817694,1985380.2339008907
AE,NO,Abu Dhabi,Oslo,5171939.234461464,5356115.7043952625
VN,NO,Ha Noi,Oslo,8281780.220582425,8835945.388158036
HR,NO,Zagreb,Oslo,1608206.0842293804,1907153.949593504
MY,NO,Kuala Lumpur,Oslo,9767973.787551947,10420855.21620807
TW,NO,Taipei,Oslo,8699609.495709315,8699104.647306975
NZ,NO,Wellington,Oslo,17690557.722106796,17571399.8915625
RS,NO,Belgrade,Oslo,1800308.4704536519,2128093.5940460083
AU,RO,Canberra,Bucharest,15166473.319789758,13501666.766654845
BR,RO,Brasilia,Bucharest,10026003.077415781,10057778.840350462
CA,RO,Ottawa,Bucharest,7420904.541147719,7083880.938369134
CZ,RO,Prague,Bucharest,1080384.105854491,854446.97496297
FI,RO,Helsinki,Bucharest,1752767.162147173,2004707.8920643067
FR,RO,Paris,Bucharest,1872536.6702111142,1772346.3660154615
DE,RO,Berlin,Bucharest,1296523.3445894087,1224683.5372845246
HU,RO,Budapest,Bucharest,641293.7532393334,398898.9426547569
IT,RO,Rome,Bucharest,1138653.9455527274,1028334.5362406743
KR,RO,Soul,Bucharest,7941983.362577706,7989392.465293728
NL,RO,Amsterdam,Bucharest,1789283.6902438812,1568134.4106020003
PH,RO,Manila,Bucharest,9263896.922513518,9512254.23417232
PL,RO,Warsaw,Bucharest,947597.0604264148,760789.8698630196
RU,RO,Moscow,Bucharest,1499651.3434351003,4957251.618378878
SA,RO,Riyadh,Bucharest,2888858.122822038,2940258.792861014
SE,RO,Stockholm,Bucharest,1743981.9369171727,1892378.797157444
TH,RO,Bangkok,Bucharest,7719728.840014924,7670961.432515817
GB,RO,London,Bucharest,2091208.8107362068,2237896.708270374
US,RO,Washington,Bucharest,7983838.868356569,8957219.329017822
BG,RO,Sofia,Bucharest,297618.0521716831,333958.4723798205
IN,RO,Ni Dilli,Bucharest,4812062.171815959,5523194.675066188
ID,RO,Jakarta,Bucharest,9770127.851379737,10805306.080893626
IE,RO,Dublin,Bucharest,2538987.0694829547,2484244.0251025883
JP,RO,Tokyo,Bucharest,8894141.52837114,8713431.328927288
NO,RO,Oslo,Bucharest,2004905.481569282,2022391.0955571118
RO,RO,Bucharest,Bucharest,0,0
SK,RO,Bratislava,Bucharest,803854.9436410185,509989.40846455377
TR,RO,Ankara,Bucharest,749226.2200873167,1120055.1229042357
UA,RO,Kiev,Bucharest,744922.036252567,623053.0322838493
AE,RO,Abu Dhabi,Bucharest,3385211.8448399734,3567405.7829135787
VN,RO,Ha Noi,Bucharest,7601665.907215625,8185255.378497789
HR,RO,Zagreb,Bucharest,809397.4382502171,745472.7806453499
MY,RO,Kuala Lumpur,Bucharest,8631659.909610463,9625299.581032056
TW,RO,Taipei,Bucharest,8500502.959495105,8563110.55684245
NZ,RO,Wellington,Bucharest,17473676.489967946,17531982.25686619
RS,RO,Belgrade,Bucharest,445631.1118104639,385543.70208481175
AU,SK,Canberra,Bratislava,15878737.217304228,13926203.726342468
BR,SK,Brasilia,Bratislava,9582936.584944678,9741701.266659888
CA,SK,Ottawa,Bratislava,6624155.28174465,6619217.323927066
CZ,SK,Prague,Bratislava,290439.4941314105,348712.00277484464
FI,SK,Helsinki,Bratislava,1428221.9293716776,1751226.039163464
FR,SK,Paris,Bratislava,1091780.7096843699,1349999.9344625901
DE,SK,Berlin,Bratislava,553491.2904391474,715419.4398913948
HU,SK,Budapest,Bratislava,162683.92259947836,189256.1940263562
IT,SK,Rome,Bratislava,786960.6434632941,829893.6183455515
KR,SK,Soul,Bratislava,8245104.029739299,8149465.102131824
NL,SK,Amsterdam,Bratislava,987287.9416793403,1059263.7283078667
PH,SK,Manila,Bratislava,9804115.215473227,9829743.270426432
PL,SK,Warsaw,Bratislava,533778.3379639987,372759.38657616783
RU,SK,Moscow,Bratislava,1630877.0286757592,5030302.570363656
SA,SK,Riyadh,Bratislava,3685355.0056281756,3445694.9852890805
SE,SK,Stockholm,Bratislava,1244945.4512193566,1510467.3446669134
TH,SK,Bangkok,Bratislava,8396311.313095707,8077845.343237543
GB,SK,London,Bratislava,1288800.8679698536,1729186.0978361147
US,SK,Washington,Bratislava,7181052.752504084,8458493.262676938
BG,SK,Sofia,Bratislava,776576.7478100377,761056.9579395144
IN,SK,Ni Dilli,Bratislava,5516889.438676234,5991647.368174396
ID,SK,Jakarta,Bratislava,10508628.484385844,11207758.556270773
IE,SK,Dublin,Bratislava,1735149.094418684,1979335.4290496046
JP,SK,Tokyo,Bratislava,9109049.111279776,8822826.902178086
NO,SK,Oslo,Bratislava,1371363.5816198988,1597619.7270995995
RO,SK,Bucharest,Bratislava,803854.9436410185,509989.40846455377
SK,SK,Bratislava,Bratislava,0,0
TR,SK,Ankara,Bratislava,1551243.3430141946,1629706.6490438585
UA,SK,Kiev,Bratislava,1002858.8678385955,915667.5223155643
AE,SK,Abu Dhabi,Bratislava,4188408.8709134106,4076199.0377076953
VN,SK,Ha Noi,Bratislava,8199578.95689436,8554790.007540908
HR,SK,Zagreb,Bratislava,277083.38782824704,494128.9223036753
MY,SK,Kuala Lumpur,Bratislava,9354357.730940636,10030100.000266336
TW,SK,Taipei,Bratislava,8957736.726768447,8831159.912403991
NZ,SK,Wellington,Bratislava,18119867.42562088,17920645.971098717
RS,SK,Belgrade,Bratislava,451685.2577498586,532100.8913251325
AU,TR,Canberra,Ankara,14515482.728099639,12571089.448678102
BR,TR,Brasilia,Ankara,10376488.762768196,10710470.70587654
CA,TR,Ottawa,Ankara,8169765.949239652,8132542.968714719
CZ,TR,Prague,Ankara,1829609.8539971057,1970610.360684048
FI,TR,Helsinki,Ankara,2319092.3031825186,2837931.5020218166
FR,TR,Paris,Ankara,2600510.525430093,2786076.5418858896
DE,TR,Berlin,Ankara,2040249.3157306125,2342618.0433400744
HU,TR,Budapest,Ankara,1389167.5747127426,1497138.9057186877
IT,TR,Rome,Ankara,1721739.0586557603,1897425.6236288543
KR,TR,Soul,Ankara,7755930.454619991,7729879.581887318
NL,TR,Amsterdam,Ankara,2537936.987162592,2684979.4035054795
PH,TR,Manila,Ankara,8823198.755058771,8863250.46778119
PL,TR,Warsaw,Ankara,1643994.624303834,1843888.6080769554
RU,TR,Moscow,Ankara,1795713.6657856484,4990125.124017831
SA,TR,Riyadh,Ankara,2141103.843573188,1829000.1962808643
SE,TR,Stockholm,Ankara,2395755.863261431,2889644.90262661
TH,TR,Bangkok,Ankara,7144054.8788541835,6832650.885052014
GB,TR,London,Ankara,2834601.6172647364,3353642.726066438
US,TR,Washington,Ankara,8732272.646898197,10062327.66454879
BG,TR,Sofia,Ankara,854219.4780945644,940003.720276705
IN,TR,Ni Dilli,Ankara,4224825.499601893,4541697.847741434
ID,TR,Jakarta,Ankara,9114513.613533765,9946613.877223644
IE,TR,Dublin,Ankara,3285742.4801097633,3592829.6932162563
JP,TR,Tokyo,Ankara,8780203.740080561,8550871.7922052
NO,TR,Oslo,Ankara,2702550.5439391257,3061582.4684562306
RO,TR,Bucharest,Ankara,749226.2200873167,1120055.1229042357
SK,TR,Bratislava,Ankara,1551243.3430141946,1629706.6490438585
TR,TR,Ankara,Ankara,0,0
UA,TR,Kiev,Ankara,1182905.950087869,1130663.0519852121
AE,TR,Abu Dhabi,Ankara,2645402.051688529,2458031.890196045
VN,TR,Ha Noi,Ankara,7114886.660800861,7432493.369137711
HR,TR,Zagreb,Ankara,1520387.8475261645,1735616.34008138
MY,TR,Kuala Lumpur,Ankara,7998232.631022486,8772063.564916417
TW,TR,Taipei,Ankara,8152540.650693899,8044044.530579842
NZ,TR,Wellington,Ankara,16842371.722626865,16593479.662614955
RS,TR,Belgrade,Ankara,1151023.421522568,1280960.3206955814
AU,UA,Canberra,Kiev,14915129.274178095,13015203.306640223
BR,UA,Brasilia,Kiev,10572296.153099408,10639946.44605097
CA,UA,Ottawa,Kiev,7225457.99725718,7029924.231756639
CZ,UA,Prague,Kiev,1143622.376104132,1232347.3616671169
FI,UA,Helsinki,Kiev,1139469.028987461,1708186.4427649418
FR,UA,Paris,Kiev,2026497.7235700288,2265598.327490256
DE,UA,Berlin,Kiev,1207939.2188409034,1549627.0285109407
HU,UA,Budapest,Kiev,895805.5944708583,920073.5357066643
IT,UA,Rome,Kiev,1676540.006038729,1629426.6589891787
KR,UA,Soul,Kiev,7303291.164085356,7366340.689396042
NL,UA,Amsterdam,Kiev,1783518.7967241388,1878359.4268168919
PH,UA,Manila,Kiev,8801274.784101585,8930650.171267664
PL,UA,Warsaw,Kiev,690672.4658001829,911616.3189487266
RU,UA,Moscow,Kiev,758170.377232915,4348208.389398195
SA,UA,Riyadh,Kiev,3192284.8067953754,2901397.8492318285
SE,UA,Stockholm,Kiev,1267505.8574083892,1789188.5414850086
TH,UA,Bangkok,Kiev,7430123.063598726,7164467.223043079
GB,UA,London,Kiev,2133974.97782573,2526797.1743496587
US,UA,Washington,Kiev,7841424.085495337,9022024.884116795
BG,UA,Sofia,Kiev,1022112.2740559975,858954.9495240013
IN,UA,Ni Dilli,Kiev,4584845.390273405,5126063.377968595
ID,UA,Jakarta,Kiev,9591717.911275078,10292896.0900945
IE,UA,Dublin,Kiev,2518801.903830759,2799775.222104588
JP,UA,Tokyo,Kiev,8216146.752566298,8093366.519109169
NO,UA,Oslo,Kiev,1630082.8794817694,1985380.2339008907
RO,UA,Bucharest,Kiev,744922.036252567,623053.0322838493
SK,UA,Bratislava,Kiev,1002858.8678385955,915667.5223155643
TR,UA,Ankara,Kiev,1182905.950087869,1130663.0519852121
UA,UA,Kiev,Kiev,0,0
AE,UA,Abu Dhabi,Kiev,3542663.588127131,3382189.7923446284
VN,UA,Ha Noi,Kiev,7202745.298235108,7640110.14575594
HR,UA,Zagreb,Kiev,1195204.7000855606,1318323.3854686427
MY,UA,Kuala Lumpur,Kiev,8423092.041984202,9115799.377508668
TW,UA,Taipei,Kiev,7963754.967018385,7958514.2577058375
NZ,UA,Wellington,Kiev,17118959.829192866,17006481.321685996
RS,UA,Belgrade,Kiev,975093.7680334989,1008552.7615323174
AU,AE,Canberra,Abu Dhabi,11969737.728913767,10289101.603344126
BR,AE,Brasilia,Abu Dhabi,11955185.664576447,12391780.749805592
CA,AE,Ottawa,Abu Dhabi,10761267.566445997,10295221.496059548
CZ,AE,Prague,Abu Dhabi,4457305.333249762,4421819.068075835
FI,AE,Helsinki,Abu Dhabi,4573266.526740832,4899632.652641766
FR,AE,Paris,Abu Dhabi,5245468.999277021,5220813.494747943
DE,AE,Berlin,Abu Dhabi,4640041.489085573,4791610.490013263
HU,AE,Budapest,Abu Dhabi,4025725.3469245266,3953231.0989078823
IT,AE,Rome,Abu Dhabi,4300270.196432759,4303756.769362034
KR,AE,Soul,Abu Dhabi,6911682.104316207,7027404.7573735565
NL,AE,Amsterdam,Abu Dhabi,5168900.2484332435,5135353.756724281
PH,AE,Manila,Abu Dhabi,7010663.174587147,7219383.3072926495
PL,AE,Warsaw,Abu Dhabi,4178055.982675767,4242746.795959818
RU,AE,Moscow,Abu Dhabi,3739447.0035389108,5339775.801564328
SA,AE,Riyadh,Abu Dhabi,769588.941227283,918260.0640738026
SE,AE,Stockholm,Abu Dhabi,4794199.981696478,5140404.926535422
TH,AE,Bangkok,Abu Dhabi,4973678.146690702,4908058.902405145
GB,AE,London,Abu Dhabi,5476414.779248064,5805226.845214116
US,AE,Washington,Abu Dhabi,11354961.155842256,12382959.884360356
BG,AE,Sofia,Abu Dhabi,3489838.9139966504,3393739.599944321
IN,AE,Ni Dilli,Abu Dhabi,2317532.4726549713,2412375.4866763293
ID,AE,Jakarta,Abu Dhabi,6629638.396421966,7841918.740473493
IE,AE,Dublin,Abu Dhabi,5922252.630952119,6049346.046855939
JP,AE,Tokyo,Abu Dhabi,8069197.890922843,7965910.8268026
NO,AE,Oslo,Abu Dhabi,5171939.234461464,5356115.7043952625
RO,AE,Bucharest,Abu Dhabi,3385211.8448399734,3567405.7829135787
SK,AE,Bratislava,Abu Dhabi,4188408.8709134106,4076199.0377076953
TR,AE,Ankara,Abu Dhabi,2645402.051688529,2458031.890196045
UA,AE,Kiev,Abu Dhabi,3542663.588127131,3382189.7923446284
AE,AE,Abu Dhabi,Abu Dhabi,0,0
VN,AE,Ha Noi,Abu Dhabi,5267950.600359151,5663119.705313064
HR,AE,Zagreb,Abu Dhabi,4164351.483645918,4183271.2343119364
MY,AE,Kuala Lumpur,Abu Dhabi,5600475.056363487,6718769.539561987
TW,AE,Taipei,Abu Dhabi,6705429.565790069,6741409.609894137
NZ,AE,Wellington,Abu Dhabi,14280668.178570434,14216153.451379206
RS,AE,Belgrade,Abu Dhabi,3796045.198998528,3731637.927825259
AU,VN,Canberra,Ha Noi,7758504.613471347,5448646.098545735
BR,VN,Brasilia,Ha Noi,17207601.607037436,18054899.191792857
CA,VN,Ottawa,Ha Noi,12638660.393521091,11290981.42647768
CZ,VN,Prague,Ha Noi,8337970.313412521,8852509.406733658
FI,VN,Helsinki,Ha Noi,7499846.170113405,8007988.160377394
FR,VN,Paris,Ha Noi,9207165.092459379,9902335.582094176
DE,VN,Berlin,Ha Noi,8338528.793809519,9112649.371733062
HU,VN,Budapest,Ha Noi,8073694.203201438,8549035.355710663
IT,VN,Rome,Ha Noi,8740146.234322587,9200682.845018947
KR,VN,Soul,Ha Noi,2744682.588278012,3021498.774846029
NL,VN,Amsterdam,Ha Noi,8890638.886348985,9389487.197016671
PH,VN,Manila,Ha Noi,1753615.5836838207,1565929.683164413
PL,VN,Warsaw,Ha Noi,7837489.578903961,8461323.999534357
RU,VN,Moscow,Ha Noi,6741278.63356217,4920635.39974327
SA,VN,Riyadh,Ha Noi,6027630.510896379,6567318.286911532
SE,VN,Stockholm,Ha Noi,7892768.283876752,8580754.013596643
TH,VN,Bangkok,Ha Noi,990769.0464907242,849865.2047847273
GB,VN,London,Ha Noi,9242418.39565404,9921171.458822796
US,VN,Washington,Ha Noi,13358353.373550136,13228521.861785429
BG,VN,Sofia,Ha Noi,7856792.570019645,8225126.053670061
IN,VN,Ni Dilli,Ha Noi,3003548.4360686243,3285936.2660788526
ID,VN,Jakarta,Ha Noi,3030934.9869156964,2710642.1535112327
IE,VN,Dublin,Ha Noi,9519426.673083851,10206984.900865266
JP,VN,Tokyo,Ha Noi,3676552.540524976,3711100.9136145627
NO,VN,Oslo,Ha Noi,8281780.220582425,8835945.388158036
RO,VN,Bucharest,Ha Noi,7601665.907215625,8185255.378497789
SK,VN,Bratislava,Ha Noi,8199578.95689436,8554790.007540908
TR,VN,Ankara,Ha Noi,7114886.660800861,7432493.369137711
UA,VN,Kiev,Ha Noi,7202745.298235108,7640110.14575594
AE,VN,Abu Dhabi,Ha Noi,5267950.600359151,5663119.705313064
VN,VN,Ha Noi,Ha Noi,0,0
HR,VN,Zagreb,Ha Noi,8349453.070802857,8929931.43172621
MY,VN,Kuala Lumpur,Ha Noi,2038982.4184092022,1604984.7617208525
TW,VN,Taipei,Ha Noi,1658581.085686098,1627955.5200533792
NZ,VN,Wellington,Ha Noi,9921119.493920183,9366372.158487702
RS,VN,Belgrade,Ha Noi,8030028.337090574,8528168.502620814
AU,HR,Canberra,Zagreb,15970865.19485168,14238349.196714062
BR,HR,Brasilia,Zagreb,9377297.343510354,9324530.11912336
CA,HR,Ottawa,Zagreb,6706470.626957284,6789458.697199773
CZ,HR,Prague,Zagreb,490063.31480634684,511596.9302544977
FI,HR,Helsinki,Zagreb,1705250.5820091765,2196479.7961842967
FR,HR,Paris,Zagreb,1081552.1631636177,1054581.0995603523
DE,HR,Berlin,Zagreb,771327.0120931404,795775.7462671902
HU,HR,Budapest,Zagreb,304430.93997232075,402865.8297436558
IT,HR,Rome,Zagreb,516660.7596598393,336211.38427394413
KR,HR,Soul,Zagreb,8480863.544884618,8631100.721621169
NL,HR,Amsterdam,Zagreb,1087534.2549413503,1082918.893798885
PH,HR,Manila,Zagreb,9978213.313473983,10245770.98068245
PL,HR,Warsaw,Zagreb,807608.0320311378,829331.5304120061
RU,HR,Moscow,Zagreb,1871054.926122891,5522961.358797183
SA,HR,Riyadh,Zagreb,3619310.691643423,3467153.2733096196
SE,HR,Stockholm,Zagreb,1512650.1712684566,1874155.6264951401
TH,HR,Bangkok,Zagreb,8507615.713362183,8414913.466965389
GB,HR,London,Zagreb,1338225.4430194532,1707738.563722529
US,HR,Washington,Zagreb,7240161.5761784855,8516938.969046067
BG,HR,Sofia,Zagreb,679643.7547798755,796461.5437066706
IN,HR,Ni Dilli,Zagreb,5609110.969207711,6237852.217521725
ID,HR,Jakarta,Zagreb,10578069.401241228,11549262.102132918
IE,HR,Dublin,Zagreb,1799624.3082384367,1910413.529790504
JP,HR,Tokyo,Zagreb,9360810.268142946,9313418.425243465
NO,HR,Oslo,Zagreb,1608206.0842293804,1907153.949593504
RO,HR,Bucharest,Zagreb,809397.4382502171,745472.7806453499
SK,HR,Bratislava,Zagreb,277083.38782824704,494128.9223036753
TR,HR,Ankara,Zagreb,1520387.8475261645,1735616.34008138
UA,HR,Kiev,Zagreb,1195204.7000855606,1318323.3854686427
AE,HR,Abu Dhabi,Zagreb,4164351.483645918,4183271.2343119364
VN,HR,Ha Noi,Zagreb,8349453.070802857,8929931.43172621
HR,HR,Zagreb,Zagreb,0,0
MY,HR,Kuala Lumpur,Zagreb,9436080.921545696,10369145.397493022
TW,HR,Taipei,Zagreb,9157689.901075948,9275195.314751716
NZ,HR,Wellington,Zagreb,18261137.57354272,18273916.65637725
RS,HR,Belgrade,Zagreb,370626.61287004815,454889.70757400943
AU,MY,Canberra,Kuala Lumpur,6535011.338870425,3907999.522136072
BR,MY,Brasilia,Kuala Lumpur,16425743.798708623,18422753.345576126
CA,MY,Ottawa,Kuala Lumpur,14623567.596358629,12651921.651977407
CZ,MY,Prague,Kuala Lumpur,9554758.50899328,10343951.06614874
FI,MY,Helsinki,Kuala Lumpur,8984222.580784757,9597866.175686074
FR,MY,Paris,Kuala Lumpur,10436406.955850922,11379077.160489496
DE,MY,Berlin,Kuala Lumpur,9626564.830473606,10626668.691963164
HU,MY,Budapest,Kuala Lumpur,9205492.467474833,10004842.400103366
IT,MY,Rome,Kuala Lumpur,9718519.701329313,10615123.176433368
KR,MY,Soul,Kuala Lumpur,4616329.3746872945,4136764.9991394705
NL,MY,Amsterdam,Kuala Lumpur,10202069.100886974,10918953.686838105
PH,MY,Manila,Kuala Lumpur,2469281.8961179517,1568748.1648656712
PL,MY,Warsaw,Kuala Lumpur,9107013.75221934,9970641.32466075
RU,MY,Moscow,Kuala Lumpur,8134709.931613935,6490021.958805066
SA,MY,Riyadh,Kuala Lumpur,6347908.062528618,7636130.454626986
SE,MY,Stockholm,Kuala Lumpur,9355295.533218872,10163591.014896147
TH,MY,Bangkok,Kuala Lumpur,1184143.7144337539,1954348.0218726932
GB,MY,London,Kuala Lumpur,10555186.607405448,11477555.136116292
US,MY,Washington,Kuala Lumpur,15352480.872785265,14358934.930729112
BG,MY,Sofia,Kuala Lumpur,8832285.072844954,9625489.412960159
IN,MY,Ni Dilli,Kuala Lumpur,3840065.2562185773,4320509.546500341
ID,MY,Jakarta,Kuala Lumpur,1185297.087682954,1180158.5645984714
IE,MY,Dublin,Kuala Lumpur,10912416.098873459,11764595.67936336
JP,MY,Tokyo,Kuala Lumpur,5328834.346762849,4559809.220334316
NO,MY,Oslo,Kuala Lumpur,9767973.787551947,10420855.21620807
RO,MY,Bucharest,Kuala Lumpur,8631659.909610463,9625299.581032056
SK,MY,Bratislava,Kuala Lumpur,9354357.730940636,10030100.000266336
TR,MY,Ankara,Kuala Lumpur,7998232.631022486,8772063.564916417
UA,MY,Kiev,Kuala Lumpur,8423092.041984202,9115799.377508668
AE,MY,Abu Dhabi,Kuala Lumpur,5600475.056363487,6718769.539561987
VN,MY,Ha Noi,Kuala Lumpur,2038982.4184092022,1604984.7617208525
HR,MY,Zagreb,Kuala Lumpur,9436080.921545696,10369145.397493022
MY,MY,Kuala Lumpur,Kuala Lumpur,0,0
TW,MY,Taipei,Kuala Lumpur,3224221.95024769,2562179.877651052
NZ,MY,Wellington,Kuala Lumpur,8850538.390176268,7907020.327026579
RS,MY,Belgrade,Kuala Lumpur,9077282.483231148,9945478.136952696
AU,TW,Canberra,Taipei,7321648.404980176,5659670.947965838
BR,TW,Brasilia,Taipei,18525481.352891658,18422269.085384782
CA,TW,Ottawa,Taipei,12005500.399084719,10098806.074625345
CZ,TW,Prague,Taipei,9031576.157447208,9073012.520916028
FI,TW,Helsinki,Taipei,7969504.8008197285,7869242.865919392
FR,TW,Paris,Taipei,9837033.294440612,10114935.648343101
DE,TW,Berlin,Taipei,8964121.697614184,9256963.199531315
HU,TW,Budapest,Taipei,8859543.712303123,8873556.078953981
IT,TW,Rome,Taipei,9614541.188714983,9586920.148904026
KR,TW,Soul,Taipei,1491309.2489226307,1574620.0803231602
NL,TW,Amsterdam,Taipei,9459520.464014176,9473027.805245858
PH,TW,Manila,Taipei,1158809.3401674286,1229037.8642603285
PL,TW,Warsaw,Taipei,8512000.565862827,8648448.251732329
RU,TW,Moscow,Taipei,7363344.437115054,4325906.063807532
SA,TW,Riyadh,Taipei,7435780.578079012,7586310.399536551
SE,TW,Stockholm,Taipei,8362214.746622272,8466926.803797571
TH,TW,Bangkok,Taipei,2528294.2488568733,2416564.3105219137
GB,TW,London,Taipei,9788750.254649214,9884392.919461325
US,TW,Washington,Taipei,12665390.621565275,11830310.45875108
BG,TW,Sofia,Taipei,8783547.879672047,8685241.740040908
IN,TW,Ni Dilli,Taipei,4387992.158344036,4545390.006984943
ID,TW,Jakarta,Taipei,3817171.5682859807,3230088.2837892515
IE,TW,Dublin,Taipei,9965848.474084815,10153705.364817005
JP,TW,Tokyo,Taipei,2116157.7616347107,2108497.278020389
NO,TW,Oslo,Taipei,8699609.495709315,8699104.647306975
RO,TW,Bucharest,Taipei,8500502.959495105,8563110.55684245
SK,TW,Bratislava,Taipei,8957736.726768447,8831159.912403991
TR,TW,Ankara,Taipei,8152540.650693899,8044044.530579842
UA,TW,Kiev,Taipei,7963754.967018385,7958514.2577058375
AE,TW,Abu Dhabi,Taipei,6705429.565790069,6741409.609894137
VN,TW,Ha Noi,Taipei,1658581.085686098,1627955.5200533792
HR,TW,Zagreb,Taipei,9157689.901075948,9275195.314751716
MY,TW,Kuala Lumpur,Taipei,3224221.95024769,2562179.877651052
TW,TW,Taipei,Taipei,0,0
NZ,TW,Wellington,Taipei,9202326.19538939,9145989.968582027
RS,TW,Belgrade,Taipei,8889687.019566469,8939338.155424317
AU,NZ,Canberra,Wellington,2327656.057742822,4037876.903303548
BR,NZ,Brasilia,Wellington,12313992.524393795,12394620.556512913
CA,NZ,Ottawa,Wellington,14498959.621164048,13961052.16348044
CZ,NZ,Prague,Wellington,18230723.155630164,18204195.931335993
FI,NZ,Helsinki,Wellington,17096168.127139956,16849762.84449258
FR,NZ,Paris,Wellington,19006521.936682787,19257956.201699384
DE,NZ,Berlin,Wellington,18158879.856434636,18400284.974182338
HU,NZ,Budapest,Wellington,17994207.84927163,17910375.033137277
IT,NZ,Rome,Wellington,18563134.819760144,18490187.02128069
KR,NZ,Soul,Wellington,10031105.665826872,9981461.881469488
NL,NZ,Amsterdam,Wellington,18585590.557779625,18573581.830525383
PH,NZ,Manila,Wellington,8322392.0203731395,8106932.383359627
PL,NZ,Warsaw,Wellington,17712520.56308696,17789046.952442262
RU,NZ,Moscow,Wellington,16565523.433591483,13190678.229720641
SA,NZ,Riyadh,Wellington,14926575.345127292,15023970.82976045
SE,NZ,Stockholm,Wellington,17461631.7951904,17412871.90374883
TH,NZ,Bangkok,Wellington,9755886.888355758,9861357.48547095
GB,NZ,London,Wellington,18832493.986266218,18693535.91863845
US,NZ,Washington,Wellington,14099394.615741987,12663552.594211515
BG,NZ,Sofia,Wellington,17682781.833543114,17505268.775649317
IN,NZ,Ni Dilli,Wellington,12661695.024634643,12055688.765290333
ID,NZ,Jakarta,Wellington,7727861.74753332,6727187.7534834985
IE,NZ,Dublin,Wellington,18693894.773844972,18803920.212976627
JP,NZ,Tokyo,Wellington,9281514.024150535,9424155.7008924
NO,NZ,Oslo,Wellington,17690557.722106796,17571399.8915625
RO,NZ,Bucharest,Wellington,17473676.489967946,17531982.25686619
SK,NZ,Bratislava,Wellington,18119867.42562088,17920645.971098717
TR,NZ,Ankara,Wellington,16842371.722626865,16593479.662614955
UA,NZ,Kiev,Wellington,17118959.829192866,17006481.321685996
AE,NZ,Abu Dhabi,Wellington,14280668.178570434,14216153.451379206
VN,NZ,Ha Noi,Wellington,9921119.493920183,9366372.158487702
HR,NZ,Zagreb,Wellington,18261137.57354272,18273916.65637725
MY,NZ,Kuala Lumpur,Wellington,8850538.390176268,7907020.327026579
TW,NZ,Taipei,Wellington,9202326.19538939,9145989.968582027
NZ,NZ,Wellington,Wellington,0,0
RS,NZ,Belgrade,Wellington,17917736.492345296,17838000.539522428
AU,RS,Canberra,Belgrade,15612049.571532307,13800167.93810345
BR,RS,Brasilia,Belgrade,9639654.49939381,9694898.606954804
CA,RS,Ottawa,Belgrade,7053742.667067952,7124916.247783504
CZ,RS,Prague,Belgrade,741306.0290969292,785687.041239966
FI,RS,Helsinki,Belgrade,1732982.5249306697,2248660.3185701193
FR,RS,Paris,Belgrade,1449513.7867865253,1508355.1858233404
DE,RS,Berlin,Belgrade,1002261.7631835372,1144399.2220126947
HU,RS,Budapest,Belgrade,317771.0300014277,342943.6529819019
IT,RS,Rome,Belgrade,725041.9317253436,672703.3568058055
KR,RS,Soul,Belgrade,8273772.114472917,8374880.023187483
NL,RS,Amsterdam,Belgrade,1418171.0049562799,1468939.3847055002
PH,RS,Manila,Belgrade,9678991.325352421,9875071.271407006
PL,RS,Warsaw,Belgrade,827985.1118278749,893641.8234035616
RU,RS,Moscow,Belgrade,1711643.0559456754,5333979.10030607
SA,RS,Riyadh,Belgrade,3262032.0430170167,3031533.5461011296
SE,RS,Stockholm,Belgrade,1622398.6755596686,2041589.9406750945
TH,RS,Bangkok,Belgrade,8162363.149781458,7992501.087843085
GB,RS,London,Belgrade,1693079.6897450762,2121438.161388358
US,RS,Washington,Belgrade,7597325.317874984,8914786.264768599
BG,RS,Sofia,Belgrade,328275.37315133685,341594.44838359853
IN,RS,Ni Dilli,Belgrade,5256749.393011613,5789287.189209348
ID,RS,Jakarta,Belgrade,10214998.677689454,11125451.218791317
IE,RS,Dublin,Belgrade,2150639.5170679335,2340740.2643148247
JP,RS,Tokyo,Belgrade,9191060.00457373,9096411.94142425
NO,RS,Oslo,Belgrade,1800308.4704536519,2128093.5940460083
RO,RS,Bucharest,Belgrade,445631.1118104639,385543.70208481175
SK,RS,Bratislava,Belgrade,451685.2577498586,532100.8913251325
TR,RS,Ankara,Belgrade,1151023.421522568,1280960.3206955814
UA,RS,Kiev,Belgrade,975093.7680334989,1008552.7615323174
AE,RS,Abu Dhabi,Belgrade,3796045.198998528,3731637.927825259
VN,RS,Ha Noi,Belgrade,8030028.337090574,8528168.502620814
HR,RS,Zagreb,Belgrade,370626.61287004815,454889.70757400943
MY,RS,Kuala Lumpur,Belgrade,9077282.483231148,9945478.136952696
TW,RS,Taipei,Belgrade,8889687.019566469,8939338.155424317
NZ,RS,Wellington,Belgrade,17917736.492345296,17838000.539522428
RS,RS,Belgrade,Belgrade,0,0
